danceability,energy,loudness,speechiness,acousticness,instrumentalness,liveness,valence,tempo,id,duration_ms,time_signature
0.561,0.52,-9.342,0.244,0.0503,1.86E-06,0.355,0.424,153.15,1bDbXMyjaUIooNwFE9wn0N,239360,3
0.637,0.643,-6.571,0.0519,0.13,1.80E-06,0.142,0.533,97.008,0V3wPSX9ygBnCm8psDIegu,200690,4
0.714,0.472,-7.375,0.0864,0.013,4.51E-06,0.266,0.238,131.121,3nqQXoyQOWXiESFLlDF1hG,156943,4
0.571,0.544,-10.613,0.0299,0.453,0.00805,0.322,0.216,132.052,1xK59OXxi2TAAAbmZK0kBL,132631,4
0.486,0.545,-7.924,0.0336,0.0652,0.00474,0.0642,0.0385,150.187,4FyesJzVpA39hbYvcseO2d,123891,4
0.369,0.192,-12.151,0.04,0.555,8.35E-06,0.0954,0.148,175.212,3WMj8moIAXJhHsyLaqIIHI,228013,3
0.529,0.673,-4.711,0.175,0.000307,2.41E-06,0.093,0.366,165.921,3F5CgOj3wFlRv51JsHbxhe,218365,4
0.686,0.507,-7.097,0.0357,0.626,7.51E-05,0.383,0.69,168.955,5CM4UuQ9Gnd6K2YyKGPMoK,232115,4
0.65,0.715,-5.198,0.253,0.0993,0.000291,0.126,0.187,106.672,1IHWl5LamUGEuP4ozKQSXZ,243717,4
0.749,0.63,-6.652,0.116,0.0623,0,0.353,0.445,122.03,2KLwPaRDOB87XOYAT2fgxh,242027,4
0.908,0.546,-10.491,0.323,0.0127,0,0.0707,0.225,131.016,46s57QULU02Voy0Kup6UEb,170502,4
0.911,0.712,-5.105,0.0817,0.0901,2.68E-05,0.0933,0.425,92.005,6Sq7ltF9Qa7SNFBsV5Cogx,178567,4
0.731,0.85,-4.913,0.0336,0.252,0,0.605,0.644,119.706,5uU1uuyaUIBOiiUSQG7Wl3,157478,4
0.841,0.358,-8.368,0.591,0.0201,0,0.39,0.329,158.014,34tz0eDhGuFErIuW3q4mPX,261544,4
0.733,0.436,-10.489,0.08,0.258,0.000573,0.157,0.0976,96.985,5jQI2r1RdgtuT8S3iG8zFC,202396,4
0.824,0.453,-9.604,0.0968,0.146,0.0273,0.0896,0.552,119.959,34ZAzO78a5DAVNrYIGWcPm,181831,4
0.643,0.363,-11.738,0.0767,0.69,5.17E-05,0.115,0.23,139.865,3rWDp9tBPQR9z6U5YyRSK4,174783,4
0.561,0.965,-3.673,0.0343,0.00383,7.07E-06,0.371,0.304,128.04,4uUG5RXrOk84mYEfFvj3cK,175238,4
0.704,0.797,-5.927,0.0475,0.0826,0.000745,0.0546,0.825,139.994,4h9wh7iOZ0GGn8QVp4RAOB,148486,4
0.463,0.642,-4.474,0.34,0.314,0,0.0686,0.339,83.389,59nOXPmaKlBfGMDeOVGrIK,189893,4
0.686,0.494,-7.093,0.0355,0.613,5.80E-05,0.402,0.7,168.946,4k6Uh1HXdhtusDW5y8Gbvy,232067,4
0.773,0.701,-6.386,0.0512,0.01,0,0.163,0.203,129.963,2ZL7WZcjuYKi1KUDtp4kCC,214589,4
0.515,0.593,-4.801,0.0322,0.653,0.162,0.25,0.153,94.467,5odlY52u43F5BjByhxg7wg,209260,3
0.472,0.518,-7.379,0.051,0.383,0.127,0.289,0.154,147.805,26hOm7dTtBi0TdpDGl141t,211667,4
0.838,0.525,-3.562,0.0665,0.345,1.92E-06,0.0771,0.884,144.981,0QHEIqNKsMoOY5urbzN48u,134256,4
0.734,0.605,-8.476,0.0699,0.0102,0,0.317,0.252,103.976,7GeTsDIc5ykNB6lORO6Cee,236795,4
0.733,0.67,-6.009,0.0751,0.121,0,0.121,0.472,100.964,0O6u0VJ46W86TxN9wgyqDj,192841,4
0.52,0.731,-5.338,0.0557,0.342,0.00101,0.311,0.662,173.93,4LRPiXqCikLlN15c3yImP7,167303,4
0.637,0.398,-8.294,0.0564,0.0573,1.03E-06,0.101,0.0374,108.075,3eX0NZfLtGzoLUxPNvRfqm,218271,4
0.934,0.614,-7.384,0.198,0.00274,0,0.123,0.616,144.045,7l2nxyx7IkBX5orhkALg0V,160821,4
0.78,0.689,-5.668,0.141,0.0368,9.69E-06,0.0698,0.642,115.042,1xzi1Jcr7mEi9K2RfzLOqS,225389,4
0.638,0.634,-6.582,0.0457,0.133,1.23E-06,0.152,0.519,96.953,02Zkkf2zMkwRGQjZ7T4p8f,200690,4
0.801,0.475,-8.797,0.0516,0.141,1.73E-05,0.0639,0.234,98.047,5Eax0qFko2dh7Rl2lYs3bx,213061,4
0.642,0.533,-7.45,0.266,0.0104,0.000108,0.251,0.112,120.041,45pUWUeEWGoSdH6UF162G8,225439,4
0.663,0.319,-13.481,0.0375,0.69,0.000993,0.117,0.193,109.957,1wtOxkiel43cVs0Yux5Q4h,256124,4
0.714,0.728,-4.595,0.0468,0.298,0,0.106,0.901,114.996,1qEmFfgcLObUfQm0j1W2CK,177955,4
0.642,0.62,-7.091,0.0666,0.0734,0,0.483,0.0969,90.02,7KokYm8cMIXCsGVmUvKtqf,204852,4
0.483,0.84,-6.508,0.119,0.43,0.000575,0.146,0.55,157.979,0aV5uARAknQgYhBaK944FP,260362,4
0.696,0.396,-10.289,0.0656,0.401,5.20E-06,0.125,0.38,120.041,4D7BCuvgdJlYvlX5WlN54t,194207,4
0.697,0.336,-10.395,0.0424,0.598,0.00528,0.107,0.31,82.029,2TktkzfozZifbQhXjT6I33,216680,3
0.582,0.568,-7.3,0.0275,0.577,0,0.105,0.394,121.991,4686eQ81DEswHa90bcdlC9,207541,3
0.574,0.469,-8.209,0.0254,0.534,9.21E-05,0.128,0.288,132.023,78Sw5GDo6AlGwTwanjXbGh,242485,4
0.696,0.559,-9.19,0.0693,0.0618,5.58E-05,0.0887,0.433,163.999,3qoftcUZaUOncvIYjFSPdE,194166,4
0.636,0.377,-11.721,0.0708,0.71,6.51E-05,0.115,0.23,139.966,6Nl7KyvjkFncGsjB49SxLl,174783,4
0.735,0.444,-10.519,0.0684,0.204,0.0012,0.17,0.0984,97.038,4g2c7NoTWAOSYDy44l9nub,202396,4
0.849,0.433,-8.434,0.316,0.0407,0,0.388,0.395,142.11,0wshkEEcJUQU33RSRBb5dv,152962,4
0.658,0.378,-8.3,0.0379,0.0593,0,0.0976,0.0382,108.034,199E1RRrVmVTQqBXih5qRC,218271,4
0.44,0.317,-9.258,0.0531,0.891,4.78E-06,0.141,0.268,169.914,6xGruZOHLs39ZbVccQTuPZ,233456,3
0.335,0.305,-12.661,0.0741,0.434,0.631,0.101,0.215,79.001,4OmfWzukSVD140NiAIEjem,156507,5
0.835,0.679,-5.329,0.0364,0.583,1.98E-06,0.218,0.85,124.98,5ww2BF9slyYgNOk37BlC4u,162638,4
0.694,0.38,-10.307,0.0614,0.416,8.47E-06,0.126,0.376,120.044,7gVWKBcfIW93YxNBi3ApIE,194207,4
0.573,0.741,-8.987,0.0353,0.219,2.23E-05,0.0842,0.554,96.016,3UMrglJeju5yWyYIW6o99b,240356,4
0.649,0.622,-7.054,0.0582,0.074,0,0.594,0.106,90.024,5oqDgw5VGBln5dSIOPWyBq,204852,4
0.801,0.601,-7.574,0.255,0.0777,3.23E-05,0.145,0.74,159.969,0hquQWY3xvYqN4qtiquniF,182907,4
0.7,0.55,-9.13,0.0653,0.0661,0.000102,0.091,0.412,164.003,0jvo9CjnbR0lYUDTSNTMiu,194166,4
0.798,0.277,-11.096,0.39,0.173,5.25E-05,0.121,0.163,79.846,1xwAWUI6Dj0WGC3KiUPN0O,164801,4
0.804,0.674,-5.453,0.0333,0.294,1.18E-06,0.115,0.292,99.968,6Xom58OOXk2SoU711L2IXO,245940,4
0.587,0.742,-6.64,0.0529,0.0128,0.00107,0.146,0.199,145.007,73vIOb4Q7YN6HeJTbscRx5,206000,4
0.422,0.235,-12.379,0.0568,0.826,0.00648,0.115,0.068,165.71,0BiqmkasE5FdrChwKfVp8X,218503,4
0.501,0.403,-11.106,0.119,0.234,0,0.267,0.111,118.352,0sSRLXxknVTQDStgU1NqpY,399154,4
0.751,0.502,-8.777,0.162,0.226,0,0.297,0.112,108.989,6C7OF1Jal7YkyjzyUG8vkK,210557,4
0.7,0.509,-10.547,0.0789,0.112,3.27E-05,0.137,0.345,110.947,7712gjoih4QoDbXpljEk21,196259,4
0.52,0.731,-5.338,0.0557,0.342,0.00101,0.311,0.662,173.93,4Dvkj6JhhA12EX05fT7y2e,167303,4
0.659,0.323,-13.425,0.0436,0.735,0.00321,0.116,0.154,110.007,6ADDIJxxqzM9LMpm78yzQG,256124,4
0.647,0.686,-5.745,0.0413,0.08,1.34E-06,0.528,0.268,79.928,3k3NWokhRRkEPhCzPmV8TW,258299,4
0.624,0.332,-9.989,0.0365,0.597,0.000679,0.195,0.397,96.864,2d3d9xZutJjmUpntiyHt3F,196473,4
0.87,0.279,-11.134,0.364,0.16,1.74E-05,0.121,0.16,79.996,5yeuXkukVGuix3vmLu2BPJ,164801,4
0.95,0.891,-2.653,0.241,0.0645,1.77E-05,0.309,0.912,133.01,4C6Uex2ILwJi9sZXRdmqXp,170977,4
0.661,0.352,-14.077,0.117,0.571,0.00147,0.0884,0.13,125.934,56hioFjQ0DXrdn04hZcFgG,191039,4
0.607,0.912,-3.449,0.0611,0.124,0,0.332,0.722,134.944,200x8ONbPfFzByUr3fVz46,206107,4
0.247,0.299,-6.083,0.0315,0.899,0,0.131,0.172,177.115,35ovElsgyAtQwYPYnZJECg,196520,4
0.791,0.818,-3.93,0.406,0.0695,0,0.114,0.693,159.922,7KXVIAuw3m2hxZanrpSXS3,209811,4
0.633,0.548,-5.634,0.0467,0.269,0,0.16,0.35,160.011,2RJAKIw6nIkgZVsAIKhmqz,192000,4
0.594,0.527,-9.335,0.0335,0.121,0,0.234,0.692,172.712,5JhUm1v5AbI5Yu6jLKCPRO,194019,4
0.617,0.378,-8.54,0.0315,0.428,9.16E-05,0.11,0.22,141.967,3XgGQ1wjo5khvq2UImjyNF,216063,4
0.646,0.529,-10.179,0.0864,0.723,0,0.0885,0.755,87.862,5kiZGSxgqPdv6rbqL9THdd,231475,4
0.751,0.502,-8.763,0.167,0.2,0,0.296,0.106,108.943,0heeNYlwOGuUSe7TgUD27B,210557,4
0.876,0.498,-7.511,0.0478,0.0706,0,0.143,0.428,122.016,31i56LZnwE6uSu3exoHjtB,173119,4
0.412,0.236,-15.159,0.0379,0.83,0.00653,0.147,0.119,140.214,3GYlZ7tbxLOxe6ewMNVTkw,281381,4
0.529,0.695,-6.174,0.0278,0.488,1.24E-05,0.142,0.514,139.993,6NHpyYvJyQsg2nXXzGYc2R,215572,4
0.799,0.575,-6.257,0.282,0.221,0,0.196,0.319,99.026,2ZlABhxMMa43COmZ97kKsJ,137151,4
0.801,0.806,-5.206,0.0381,0.382,0.000669,0.114,0.802,106.999,0WtM2NBVQNNJLh6scP13H8,239318,4
0.612,0.58,-8.572,0.0419,0.525,0.000414,0.26,0.534,130.045,7JMEygbMqow8a4iK79yNr7,239560,4
0.626,0.79,-4.302,0.0311,0.135,3.97E-06,0.0989,0.416,119.082,28iZJr3XBJGz3ye0RpQWZZ,235767,4
0.359,0.543,-7.582,0.0915,0.492,1.57E-05,0.118,0.453,68.505,1JafzQB44cUzhSWWyCNi6F,221307,4
0.392,0.579,-9.195,0.164,0.835,0.00179,0.145,0.549,80.961,1hsEn27ymKbEx0IMyrzm5Y,214707,4
0.599,0.681,-4.5,0.0331,0.0593,0,0.324,0.453,133.995,1qP2gB8xnIJ4cPq2QxNJE6,228027,4
0.487,0.313,-15.434,0.0487,0.791,0.348,0.124,0.141,110.039,43q586vP8gGkYypKoSddhl,247962,4
0.334,0.161,-14.875,0.0506,0.967,4.71E-05,0.115,0.396,176.747,3zmwONxswBAzGwExPugSLN,188497,4
0.695,0.555,-8.5,0.0509,0.141,0.826,0.11,0.26,150.024,74loibzxXRL875X20kenvk,83200,4
0.621,0.782,-5.548,0.044,0.0125,0.033,0.23,0.55,128.033,2tTmW7RDtMQtBk7m2rYeSw,198938,4
0.704,0.504,-6.749,0.223,0.0405,0.000422,0.139,0.0713,82.537,29YW2xXlo6Pc6M0SBTCXYN,221406,4
0.675,0.466,-9.738,0.201,0.361,0,0.11,0.347,140.864,6wAFvJPpTZVirBKGZ4EnMW,148781,4
0.602,0.796,-5.609,0.0465,0.146,0,0.125,0.53,106.005,6AqwH2Y9FJwhUE2dCSkw1u,189780,4
0.746,0.517,-7.582,0.327,0.0782,0,0.137,0.609,88.987,4Flfb4fGscN9kXPOduQLrv,180098,4
0.637,0.715,-4.971,0.0455,0.148,0,0.0892,0.308,141.872,38T0tPVZHcPZyhtOcCP7pF,210576,4
0.829,0.799,-5.389,0.0897,0.0151,0.000543,0.242,0.471,97.013,4tYFy8ALRjIZvnvSLw5lxN,227629,4
0.662,0.357,-14.064,0.154,0.553,0.00129,0.0837,0.124,125.966,7FmYn9e7KHMXcxqGSj9LjH,191039,4
0.87,0.516,-8.006,0.0541,0.656,0.00823,0.11,0.53,111.005,7dSZ6zGTQx66c2GF91xCrb,210200,4
0.883,0.657,-5.748,0.305,0.0603,0,0.128,0.284,124.992,1qMMYpVatbRITKCfq1gasi,172933,4
0.466,0.703,-5.774,0.393,0.18,0,0.422,0.25,76.815,410TZrK18uRjtsTunG14cl,356389,3
0.9,0.509,-6.647,0.257,0.115,1.67E-06,0.0937,0.765,100.007,27ZZdyTSQWI7Cug2d2PkqV,99283,4
0.802,0.623,-5.862,0.459,0.0292,0.055,0.113,0.457,74.987,37F7E7BKEw2E4O2L7u0IEp,169947,4
0.562,0.388,-12.088,0.0705,0.481,0.00145,0.117,0.159,107.747,3QF5RsWzK1lCvf2o2cY65P,225194,4
0.406,0.306,-15.48,0.0517,0.785,0.488,0.122,0.122,110.014,0A1JLUlkZkp2EFrosoNQi0,247962,4
0.836,0.743,-6.305,0.0656,0.0995,0,0.335,0.722,108.966,1PckUlxKqWQs3RlWXVBLw3,191822,4
0.524,0.643,-6.055,0.0297,0.451,0,0.221,0.397,135.962,5gVCfYmQRPy1QJifP8f5gg,232059,4
0.902,0.582,-5.902,0.109,0.111,3.18E-06,0.111,0.332,107.005,0wHFktze2PHC5jDt3B17DC,173948,4
0.626,0.454,-8.767,0.0392,0.729,0.000442,0.159,0.36,123.351,0hnvQLkV7yOjslEzflJSK4,216000,4
0.675,0.726,-6.459,0.0461,0.105,0,0.153,0.671,124.872,6HBRLaSQ7NB8MNlaqzYen1,186791,4
0.738,0.666,-6.97,0.455,0.00361,0,0.107,0.215,161.734,6ug9fUi5oLLgQgOF1G8WkM,177789,4
0.337,0.156,-14.919,0.0518,0.964,7.72E-05,0.115,0.39,176.655,0wavGRldH0AWyu2zvTz8zb,188497,4
0.817,0.539,-6.349,0.0621,0.0141,0.000496,0.099,0.158,97.061,1XfLTnU71j5posVZPotQN4,210368,4
0.817,0.539,-6.349,0.0621,0.0141,0.000496,0.099,0.158,97.061,6dHTzDPPKgZHhNciA9lqgh,210368,4
0.479,0.768,-5.204,0.0312,7.02E-05,0.00549,0.121,0.576,110.024,6Tm4Io4ct4w14nB1EUzsY3,183790,4
0.817,0.539,-6.349,0.0621,0.0141,0.000496,0.099,0.158,97.061,5zYMs0FFRn544iTux0ZewN,210368,4
0.408,0.47,-10.149,0.0893,0.666,5.44E-05,0.0926,0.0953,51.66,4lUsBLTAiufWocWtg4H0my,234613,4
0.564,0.903,-3.221,0.307,0.356,0,0.175,0.607,78.293,1dm6z1fWB0cErMszU25dy2,230400,4
0.66,0.373,-10.234,0.595,0.149,0,0.106,0.35,167.912,2TSfStvlAMLw89u3tali79,151776,4
0.773,0.742,-3.678,0.046,0.0206,0,0.0754,0.571,114.071,0HqZX76SFLDz2aW8aiqi7G,165265,4
0.723,0.772,-6.784,0.0792,0.00524,1.15E-05,0.367,0.58,102.004,4cacyP5c3PMlfnyjpg13xW,146471,4
0.515,0.593,-4.801,0.0322,0.653,0.162,0.25,0.153,94.467,4yNk9iz9WVJikRFle3XEvn,209260,3
0.508,0.296,-10.513,0.0755,0.897,5.00E-05,0.11,0.134,82.532,5jfhLCSIFUO4ndzNRh4w4G,268856,4
0.577,0.941,-5.17,0.105,0.00207,3.36E-06,0.0891,0.292,101.921,3khEEPRyBeOUabbmOPJzAG,193495,4
0.608,0.745,-4.13,0.0277,0.0226,6.47E-06,0.0942,0.464,102.025,28n8z9IQKyjMPxmvYMBqZa,224427,4
0.795,0.684,-3.971,0.0419,0.0225,0,0.658,0.419,114.011,41oY4WCTj5kccfesTVFnvN,237895,4
0.627,0.858,-2.824,0.386,0.263,0,0.21,0.342,92.523,1ga4PztXOIw1yBbdUt2X8v,209160,4
0.873,0.695,-4.207,0.0459,0.419,1.23E-06,0.211,0.823,131.963,6G12ZafqofSq7YtrMqUm76,158805,4
0.614,0.913,-5.126,0.0296,0.0042,1.72E-06,0.26,0.92,141.982,6KGtAlYvgm4W9PoYabFAYE,206865,4
0.663,0.786,-3.51,0.195,0.229,0,0.219,0.579,196.12,1797zYiX4cKosMH836X9Gt,198367,4
0.712,0.972,-0.514,0.112,0.00547,7.06E-05,0.128,0.568,119.966,6qyS9qBy0mEk3qYaH8mPss,145000,4
0.767,0.628,-7.41,0.242,0.21,8.79E-06,0.275,0.798,128.07,6IyoLWzljeR3ldQo4KWHT6,150242,4
0.645,0.525,-5.399,0.0355,0.0574,0,0.505,0.238,83.018,6XO8RlYuJCiI0v3IA48FeJ,108499,4
0.544,0.573,-5.694,0.0356,0.0958,0,0.104,0.233,122.977,0OWhKvvsHptt6vnnNUSM9a,211739,4
0.565,0.636,-8.198,0.0638,0.107,9.90E-06,0.447,0.525,170.01,76OGwb5RA9h4FxQPT33ekc,179551,4
0.4,0.571,-6.534,0.0288,0.468,3.05E-05,0.519,0.146,61.859,6PaWZ0PIMxx15YBgCohvXY,212736,4
0.505,0.27,-9.165,0.0333,0.593,0,0.133,0.557,98.721,1SjsVdSXpwm1kTdYEHoPIT,163032,4
0.482,0.847,-4.741,0.0317,0.081,0,0.0832,0.592,76.01,3Ga7Uele3zN57vQ4F0HPTW,198255,4
0.899,0.582,-7.275,0.264,0.0395,0,0.1,0.505,149.973,4wRJHXHDJnKSPr9IVn0BFR,283196,4
0.738,0.455,-8.735,0.0352,0.695,0,0.107,0.441,99.945,1brnLTvarI9D1hLP6z2Ar8,174560,4
0.882,0.797,-3.299,0.0819,0.0821,0,0.113,0.824,105.025,4fsQ0K37TOXa3hEQfjEic1,184444,4
0.79,0.67,-5.527,0.105,0.377,2.32E-06,0.119,0.408,139.956,0fX4oNGBWO3dSGUZcVdVV2,195950,4
0.851,0.819,-5.173,0.212,0.337,0.000153,0.0658,0.903,83.154,5unjCay0kUjuej5ebn4nS4,164041,3
0.507,0.294,-10,0.04,0.896,1.97E-05,0.0966,0.386,114.199,6uvh0In7u1Xn4HgxOfAn8O,245964,4
0.534,0.466,-6.98,0.0272,0.277,0,0.0979,0.23,140,7trjNYF5ek7zX4GKSHQZbP,277660,4
0.71,0.879,-4.218,0.0422,0.158,0.00142,0.439,0.341,114.993,1RDvyOk4WtPCtoqciJwVn8,201391,4
0.608,0.745,-4.13,0.0277,0.0226,6.47E-06,0.0942,0.464,102.025,48UKTR66uUOT9LaUvooTNx,224427,4
0.662,0.488,-6.894,0.0682,0.782,0,0.102,0.817,117.913,0mflMxspEfB0VbI1kyLiAv,182347,4
0.416,0.762,-7.385,0.0279,0.312,0.804,0.0559,0.461,95.967,1fDFHXcykq4iw8Gg7s5hG9,326491,4
0.664,0.5,-6.935,0.0651,0.799,0,0.0966,0.801,117.896,0GNVXNz7Jkicfk2mp5OyG5,182347,4
0.385,0.34,-11.754,0.051,0.499,1.20E-05,0.196,0.0398,83.947,31bsuKDOzFGzBAoXxtnAJm,263988,4
0.398,0.705,-7.07,0.0756,0.204,5.13E-05,0.443,0.635,111.487,37vVp2sWHuuIBOSl1NswP6,145668,4
0.38,0.488,-6.637,0.029,0.126,7.23E-06,0.115,0.268,156.031,29zZmiBDLykYYTj7RN6VhV,223120,3
0.912,0.774,-4.673,0.0455,0.121,0.0127,0.101,0.632,119.966,10xV5l9nhLvFpR8mqzs0bL,155589,4
0.451,0.618,-5.677,0.0263,0.213,3.22E-05,0.165,0.457,159.856,4tn5fOYDtxFldIMVOVcKkc,162475,3
0.696,0.793,-5.733,0.097,0.0683,3.78E-06,0.18,0.698,120.003,6BePGk3eCan4FqaW2X8Qy3,172253,4
0.825,0.649,-4.297,0.169,0.117,0,0.232,0.143,127.978,4vVjPTApwXZwB2H3mBq3ml,142657,4
0.72,0.715,-4.652,0.04,0.258,0.0568,0.107,0.357,107.041,5LYMamLv12UPbemOaTPyeV,193813,4
0.345,0.612,-6.543,0.0608,0.232,0,0.194,0.232,179.773,59CfNbkERJ3NoTXDvoURjj,153000,3
0.785,0.524,-7.004,0.122,0.0123,0,0.365,0.0855,142.007,2A0G0bPmlkUXUbvWqrAXzg,163454,4
0.686,0.445,-7.189,0.0398,0.484,0.00144,0.175,0.626,145.5,51Zw1cKDgkad0CXv23HCMU,164533,3
0.576,0.457,-6.473,0.0304,0.143,3.05E-05,0.0917,0.301,138.984,0rzaRSujxA0bKyjJl6vHYq,218577,4
0.794,0.594,-8.698,0.139,0.283,0.000381,0.109,0.637,99.238,4w273WCBXwM4P3jTX5HkB2,160897,3
0.808,0.582,-6.26,0.338,0.827,0,0.111,0.675,77.471,6EbVuwU7EnKeF2hdpViXCH,148817,4
0.806,0.64,-7.398,0.317,0.0864,0,0.201,0.716,160.054,5gAwpwuchaCGnJLlBMGBzp,213206,4
0.881,0.592,-4.898,0.0324,0.619,1.32E-05,0.0901,0.719,101.058,0mBP9X2gPCuapvpZ7TGDk3,154487,4
0.751,0.601,-5.912,0.0828,0.533,0,0.377,0.56,100.994,3XfUFGzbr0LmwFVoLXd9cO,163940,1
0.74,0.697,-4.912,0.034,0.0268,0,0.224,0.732,138.992,6dgUya35uo964z7GZXM07g,163648,4
0.721,0.479,-9.669,0.226,0.321,0.00156,0.182,0.902,164.948,2NcQic8JxdjAlAHuNbOIRE,140242,3
0.877,0.56,-3.751,0.0596,0.00721,1.45E-06,0.0839,0.154,119.971,3S68RFe1lsdCdTMPIMJM3X,216136,4
0.877,0.826,-3.75,0.206,0.122,1.05E-05,0.104,0.814,75.003,0hPRWztAIbNkt6GcFcLiqF,238146,4
0.821,0.636,-4.479,0.169,0.142,0,0.233,0.163,127.961,0QNNd0qMCDbraS1nQPg3aA,142657,4
0.847,0.916,-5.757,0.222,0.101,0.000766,0.118,0.751,104.018,4gKWtJGlhxKKSyV65llt2G,139038,4
0.618,0.474,-12.097,0.0789,0.182,0.000122,0.108,0.397,119.999,2xZ0zfuDTv5LxLhEgD82PG,178000,4
0.54,0.761,-5.356,0.0311,0.00446,2.50E-06,0.137,0.215,124.988,0h7QMc9ZRzA9QJrbEHytn2,282463,4
0.565,0.56,-6.034,0.0275,0.538,0,0.0961,0.325,159.931,67AdiJcurlf6gocGobfaXs,177267,4
0.475,0.692,-8.327,0.398,0.0533,6.49E-06,0.18,0.241,181.167,1MTXYvJ9TSqg9x6WPCDx2n,178329,4
0.44,0.317,-9.258,0.0531,0.891,4.78E-06,0.141,0.268,169.914,4ewazQLXFTDC8XvCbhvtXs,233456,3
0.787,0.546,-7.094,0.0532,0.305,4.55E-05,0.122,0.222,93.05,5CzixCxDkRXX9mScCmah8O,176936,4
0.774,0.748,-7.086,0.0352,0.331,0.0057,0.126,0.714,135.929,5PfFHceiEv61KldMOuVrv8,186828,3
0.776,0.557,-7.441,0.545,0.0496,0,0.112,0.284,156.978,4OkFBMU18NidtaefaTjUq1,198722,4
0.6,0.389,-5.727,0.0337,0.566,0,0.0826,0.244,143.577,0XER3HPMx223xWaAgNKp4Y,147597,4
0.555,0.832,-3.691,0.0412,0.28,0,0.0894,0.43,170.124,3qAJAUr7yc9bPDx4ESt6ND,209903,3
0.422,0.44,-5.53,0.0544,0.617,0,0.0837,0.332,128.934,2PWTZV5znjLtZC5T1EVJvL,120308,5
0.83,0.698,-6.517,0.077,0.224,1.02E-06,0.191,0.595,132.99,09riz9pAPJyYYDVynE5xxY,175476,4
0.775,0.736,-8.072,0.247,0.319,0.00116,0.127,0.362,100.988,2g6tReTlM2Akp41g0HaeXN,239027,4
0.578,0.459,-11.938,0.041,0.501,1.86E-05,0.143,0.164,160.065,0ciLo7Ntd7Gfc0rQRTgkSG,201195,3
0.82,0.686,-5.102,0.038,0.00412,0,0.184,0.668,110.058,0ARKW62l9uWIDYMZTUmJHF,175889,3
0.667,0.75,-4.602,0.0906,0.0746,0.000198,0.197,0.486,126.041,72yP0DUlWPyH8P7IoxskwN,202246,4
0.911,0.573,-7.43,0.288,0.38,0,0.403,0.972,140.04,3LtpKP5abr2qqjunvjlX5i,97393,4
0.784,0.737,-2.174,0.0758,0.0877,0,0.1,0.623,97.5,3ZGkdrigbWXLgHungXfZkt,135612,3
0.919,0.623,-6.521,0.0992,0.184,1.63E-05,0.0609,0.775,130.037,5ildQOEKmJuWGl2vRkFdYc,157018,4
0.853,0.495,-14.63,0.14,0.0917,0.000217,0.0844,0.0774,137.027,4rmVZajAF7PkrCagGPHbqa,243228,4
0.702,0.586,-5.317,0.118,0.55,0,0.27,0.965,112.852,5kpxVMDvYGRmNqawPqDTYR,158093,4
0.951,0.692,-4.038,0.312,0.472,0.000182,0.0894,0.431,115.047,6WbAhuwE6fCOriBu5786X1,201280,4
0.474,0.805,-5.997,0.332,0.0715,0,0.147,0.109,131.001,1a019wP7IdYLexwbmfZPm3,176125,4
0.65,0.76,-4.422,0.0446,0.255,0,0.339,0.838,93.057,2SLwbpExuoBDZBpjfefCtV,214194,4
0.873,0.826,-0.722,0.0876,0.00127,0.0361,0.311,0.201,106.972,2TDyyEBasw10wu5Uh94bR1,190654,4
0.852,0.421,-9.153,0.208,0.428,2.28E-06,0.106,0.457,95.977,1QPreu0BNOrUfEb8HTd2qG,202285,4
0.593,0.935,-3.43,0.225,0.268,0,0.286,0.783,99.976,0a4MMyCrzT0En247IhqZbD,179027,4
0.474,0.576,-6.963,0.257,0.00248,0.000309,0.174,0.285,157.947,0VOMBffX1llDu37yQUt3u3,195197,4
0.431,0.837,-5.067,0.0432,0.259,0,0.0879,0.648,170.041,7lNezbnIXBbgNmFOa9dt1c,179294,4
0.587,0.614,-6.344,0.0435,0.0306,0,0.399,0.451,160.075,1CfuBY3BDdKpooQ9L5zgUc,227527,4
0.702,0.586,-7.83,0.0313,0.0388,7.27E-05,0.156,0.608,134.951,0mL82sxCRjrs3br407IdJh,199111,4
0.559,0.535,-7.723,0.039,0.719,0.000143,0.0954,0.402,141.96,3i058E8uxTsYqJ5NWZzqSj,202183,4
0.794,0.668,-7.689,0.0646,0.299,0.00104,0.0899,0.632,148.016,1abwytAhbWeHrbsA9eODOy,102480,4
0.834,0.828,-2.657,0.0452,0.21,5.91E-06,0.103,0.58,102.019,79HZAZNnOE97rb2hnI0XQr,195294,4
0.588,0.931,-3.925,0.0318,0.00411,0,0.345,0.625,105.027,6Qpfsw8OS5HW5XxgmXYLWS,219333,4
0.504,0.736,-6.079,0.0352,0.00216,0,0.129,0.46,148.014,4RG7P0CXQ4pe0OeCAHjX5L,199733,4
0.839,0.69,-4.464,0.0615,0.207,8.33E-06,0.176,0.744,151.991,6VrQTLzzuyGIYjUDe4kAZk,196413,4
0.586,0.556,-7.639,0.0592,0.00655,0,0.0836,0.517,167.018,4svaKoxMMP7ImmKrD5hfQu,176125,4
0.512,0.796,-4.075,0.0645,0.00147,0.000209,0.0938,0.344,171.014,4FqwXdBZosVWE2E80TQ8Us,201573,4
0.512,0.796,-4.075,0.0645,0.00147,0.000209,0.0938,0.344,171.014,4mWcNMhTh3a13x6e5t74cO,201573,4
0.512,0.796,-4.075,0.0645,0.00147,0.000209,0.0938,0.344,171.014,0k0HVjt1hUSB1i74oO1l0Z,201573,4
0.676,0.588,-7.025,0.275,0.137,8.47E-06,0.137,0.484,186.012,7y36SRJbuW5dsKg7NTwosc,230461,4
0.512,0.796,-4.075,0.0645,0.00147,0.000209,0.0938,0.344,171.014,2boVyOMMy7Qy6r5VmUtJSb,201573,4
0.71,0.774,-5.511,0.041,0.117,0,0.0967,0.61,107.96,3fbMlYYE69lMNh7KO23t7C,213520,4
0.685,0.816,-5.496,0.0308,0.0216,2.05E-05,0.439,0.619,118.065,3oMPs0m5Vv3SnQBzxeGk6X,215627,4
0.512,0.796,-4.075,0.0645,0.00147,0.000209,0.0938,0.344,171.014,1LMEoA2dEpHLAn5fi8w0Po,201573,4
0.685,0.816,-5.496,0.0308,0.0216,2.05E-05,0.439,0.619,118.065,6clEAhQ9UE7rmNSNectriz,215627,4
0.512,0.796,-4.075,0.0645,0.00147,0.000209,0.0938,0.344,171.014,5IatMb7tZdKBSd5ro6R8ic,201573,4
0.602,0.528,-7.152,0.0556,0.11,0,0.157,0.455,133.851,1BBJo8KZuRUMwBOj69mWuG,260256,4
0.676,0.588,-7.025,0.275,0.137,8.47E-06,0.137,0.484,186.012,55GvVxVmVRP5qH6PMyV4lg,230461,4
0.323,0.737,-4.008,0.0335,0.14,0.000162,0.163,0.156,112.923,0Ybs1oyHGugZGl2ID1bAzD,241067,4
0.512,0.796,-4.075,0.0645,0.00147,0.000209,0.0938,0.344,171.014,5teDdoutCaz0WEdmXSoRyk,201573,4
0.512,0.796,-4.075,0.0645,0.00147,0.000209,0.0938,0.344,171.014,3N4k2XQMSf4gRlwFNV5976,201573,4
0.4,0.641,-6.303,0.0674,0.214,0,0.0656,0.393,81.552,5hnGrTBaEsdukpDF6aZg8a,163603,4
0.772,0.75,-3.67,0.0455,0.0201,0,0.074,0.587,114.061,54ipXppHLA8U4yqpOFTUhr,165265,4
0.706,0.91,-3.527,0.146,0.175,2.00E-06,0.11,0.667,126.007,5Sk39LuvdwuvL84jD01Dum,107045,4
0.735,0.812,-4.417,0.151,0.528,0,0.186,0.584,109.835,0N9C80kcgL0xXGduKnYKWi,162876,4
0.665,0.666,-7.009,0.429,0.0331,0,0.0841,0.844,164.205,2FWeNvUo79OeiHWoR1bUsO,152195,4
0.879,0.504,-8.284,0.271,0.0016,0,0.147,0.335,102.929,1Py8c3dkLF0YczcAyBFBEM,160777,4
0.683,0.969,-3.29,0.171,0.000275,0.126,0.94,0.595,170.017,4QlbH3QGLr13WeLUywH9DA,226932,4
0.56,0.473,-7.23,0.0533,0.618,0,0.31,0.441,109.414,3yMC1KsTwh0ceXdIe4QQAQ,175345,4
0.828,0.591,-6.217,0.109,0.0199,0.000323,0.361,0.202,119.251,0lEjxUUlKqjqXrVlIHFduD,193347,4
0.466,0.0918,-26.813,0.0269,0.929,0.803,0.439,0.0841,95.014,4xF4ZBGPZKxECeDFrqSAG4,124066,4
0.777,0.595,-6.79,0.0375,0.59,0.00139,0.0669,0.546,108.02,0E0DRHf5PfMeor0ZCwB3oT,244444,4
0.721,0.769,-4.111,0.105,0.0922,0,0.0817,0.915,155.932,2rmwqU7yzTvzkiaRV53DpT,187108,4
0.794,0.677,-9.969,0.0713,0.446,0.0313,0.076,0.611,101.467,7Jph6HJbfURt4Fea19IED3,170496,3
0.712,0.861,-5.487,0.25,0.0182,6.09E-06,0.511,0.388,84.042,06JvOZ39sK8D8SqiqfaxDU,148571,4
0.551,0.436,-8.029,0.0428,0.395,0,0.0719,0.862,188.651,74WROFXsox6wkeUrEK2DS6,170745,3
0.684,0.449,-9.738,0.611,0.869,0,0.0881,0.341,66.165,6Z165JvPnS8PYvGW8oLGLc,157373,4
0.811,0.648,-3.684,0.0368,0.236,0,0.0761,0.695,104.988,2pIUpMhHL6L9Z5lnKxJJr9,180067,4
0.578,0.431,-7.034,0.0269,0.469,0,0.137,0.21,116.979,1TUuhV75FeOF6UObRsABo2,226975,3
0.676,0.441,-6.929,0.0253,0.726,0,0.0884,0.515,140.091,57GWBz1UtT6iei1jrbkovI,171724,3
0.68,0.922,-1.215,0.121,0.103,0,0.0877,0.799,125.014,2gYj9lubBorOPIVWsTXugG,176973,4
0.557,0.597,-8.296,0.048,0.646,0,0.0974,0.414,78.526,2lNTHWu2I5Tcz9ukWsV5Jj,175238,4
0.604,0.601,-7.887,0.0628,0.15,0.000579,0.168,0.156,139.88,5Zlb01Jcn0Ld49zazzZJSB,164629,4
0.555,0.536,-8.233,0.0452,0.669,0,0.0623,0.203,118.057,1mw0RgNXIpYRyyCdBQbLgA,191638,4
0.698,0.763,-4.718,0.229,0.0845,0,0.54,0.256,139.998,0ypjMI7vHiDP4sLB1C0Qna,174857,4
0.763,0.759,-3.925,0.0906,0.218,4.24E-05,0.0724,0.964,146.006,0Dl965SLJGi9bB0SrvtPRx,133151,4
0.951,0.878,-2.565,0.211,0.0509,1.61E-05,0.321,0.923,133.014,2yjlYDiNiQkdxVqTlaSrlX,170977,4
0.713,0.703,-5.769,0.194,0.298,0,0.321,0.576,123.06,5MxFWjuqQIsbNWbMdMdbli,255693,4
0.645,0.721,-4.394,0.0336,0.357,0.143,0.204,0.88,182.928,4j6kId9QIqhoXvqHKgSKa0,191959,4
0.773,0.422,-4.572,0.187,0.00783,0.00693,0.129,0.488,77.502,3XOalgusokruzA5ZBA2Qcb,136267,1
0.457,0.834,-4.674,0.0817,0.00252,0.00125,0.1,0.201,140.032,1H4Y9uW4N0LsxJUz0VnaPJ,204677,4
0.228,0.427,-8.739,0.0363,0.752,0.0167,0.592,0.192,180.345,0JzG1wJuB4v9UPkSE7LMXi,197333,4
0.726,0.91,-1.948,0.179,0.0413,7.81E-06,0.479,0.648,135.966,6NnCWIWV740gP7DQ8kqdIE,178453,4
0.615,0.541,-6.307,0.0263,0.748,0.00268,0.12,0.124,126.049,0FqBNLXlTNimxmVRdDMj6b,113067,4
0.695,0.636,-4.654,0.317,0.234,0,0.081,0.575,174.14,2rurDawMfoKP4uHyb2kJBt,172235,4
0.872,0.588,-6.276,0.0492,0.275,0,0.17,0.93,142.004,5kVZxyMY1gfdCLiChsfjn1,230704,4
0.647,0.765,-6.459,0.06,0.111,0,0.315,0.855,79.994,58UKC45GPNTflCN6nwCUeF,161853,4
0.614,0.953,-4.162,0.0688,0.119,0,0.331,0.593,154.969,1vux5TJpXtc7tbjA1YODpp,192200,4
0.346,0.5,-6.097,0.0388,0.757,0,0.189,0.191,202.466,6VhuP99TE6gYNQRJIlAWFD,176667,3
0.471,0.912,-3.032,0.0724,0.032,0,0.343,0.613,139.667,2gJj6WtAxXjApMs3PXsCeX,190780,4
0.797,0.616,-10.229,0.375,0.762,0.000293,0.0979,0.451,103.071,44XjoNvtwevktFKjvVe1vH,339612,4
0.503,0.643,-6.494,0.0407,0.0261,2.27E-05,0.314,0.43,169.955,0jkzxxDG8z3Y5OmfNl1VM0,194417,4
0.462,0.251,-12.072,0.159,0.414,0,0.201,0.137,89.705,1T4k0sw0HldDg004Kw4Oct,167977,3
0.736,0.906,-7.589,0.048,0.164,0.585,0.106,0.698,137.001,39JofJHEtg8I4fSyo7Imft,226627,4
0.434,0.215,-8.478,0.0417,0.82,0,0.456,0.187,118.152,53zCCom4uEoIBaOAEJtjUL,211316,4
0.698,0.763,-4.716,0.205,0.0873,0,0.647,0.252,139.939,0oO1AbL92F6329z13C2qQH,174857,4
0.796,0.621,-6.129,0.0346,0.175,0,0.274,0.808,121.904,3zAOcNGOFq5Q1OsN0tcxA0,151973,4
0.745,0.543,-8.137,0.0396,0.22,0,0.174,0.242,139.964,4vuVzf7BIZhDAFm3TB0Tzy,185267,4
0.629,0.698,-4.485,0.308,0.0509,0.00166,0.0909,0.599,117.765,0UvZcEfpzVyx47QsRbjyBz,201816,4
0.765,0.572,-6.153,0.128,0.226,0,0.192,0.475,140.013,5OzgCc3gQsqchX95k1C1Qa,110938,4
0.362,0.54,-6.031,0.0528,0.338,0,0.139,0.3,78.007,1ei3hzQmrgealgRKFxIcWn,216410,3
0.716,0.748,-6.06,0.0356,0.235,0.849,0.114,0.338,119.918,01kfSdF9zfcDLri5sSWEoL,169245,4
0.655,0.617,-4.716,0.026,0.0998,0,0.211,0.734,90.015,3nei8eHEdiwwSfyoOCHPZI,174173,4
0.724,0.818,-3.747,0.168,0.0201,0,0.0358,0.696,77.004,69xohKu8C1fsflYAiSNbwM,204940,4
0.768,0.754,-6.713,0.141,0.617,0.919,0.11,0.0388,85.016,1c39AwcrkN9srI7Az5662I,127987,4
0.793,0.308,-10.414,0.0466,0.613,1.68E-05,0.0953,0.46,135.143,7Fege3yv4dvehB3NdRBGwI,200000,4
0.907,0.577,-6.737,0.0767,0.438,3.19E-05,0.137,0.801,140.07,3lzUeaCbcCDB5IXYfqWRlF,220779,4
0.587,0.632,-5.416,0.0311,0.148,1.01E-05,0.158,0.392,139.974,5ZCjp56T8J6d7amJyFSzrI,199040,4
0.698,0.687,-4.115,0.0501,0.195,0,0.0829,0.773,116.765,7ifMxHITc3NIipJO4R5NGb,202876,4
0.634,0.663,-6.818,0.0331,0.433,0.124,0.102,0.6,146.053,41P6Tnd8KIHqON0QIydx6a,177533,4
0.736,0.727,-4.642,0.0571,0.0584,1.91E-06,0.0976,0.644,94.048,6TsVhM8qIkWN5cJVDIVbbz,229065,4
0.503,0.496,-9.123,0.0556,0.693,0,0.123,0.412,187.844,18HOjcvTVV7W8YzBuOsAPS,148143,4
0.772,0.907,-2.438,0.124,0.136,0,0.334,0.783,119.973,0RDqNCRBGrSegk16Avfzuq,177467,4
0.825,0.414,-6.634,0.144,0.00265,0,0.357,0.106,72.993,1Y5Jvi3eLi4Chwqch9GMem,200548,4
0.621,0.411,-8.261,0.0333,0.0553,0,0.0816,0.357,110.113,4MbzauKV2ydtZZjLsPcuTF,202520,4
0.393,0.305,-11.372,0.0461,0.765,0.00146,0.092,0.15,160.075,7zBscbZUCr4jEABrfV9g03,213707,4
0.718,0.461,-7.676,0.0797,0.068,0,0.283,0.181,129.953,0g2Bbgy7P41pFjMWJuzsf4,178176,4
0.851,0.542,-8.152,0.122,0.361,3.73E-06,0.132,0.789,101.896,1kNC7b4zXbqoceKpkGdnD8,196437,4
0.646,0.465,-10.486,0.436,0.152,0,0.194,0.198,157.919,2ISyz9DRGEMrJN77ge3hi2,127765,4
0.498,0.625,-7.452,0.342,0.054,0,0.175,0.478,84.821,2BJWxD8xKrDv8vneTvTIm9,150000,4
0.628,0.833,-6.327,0.0311,0.0014,0,0.104,0.309,98.025,6Awl7JBDQjfm7xkS3LkhDi,203680,4
0.545,0.641,-6.398,0.0998,0.00453,6.59E-05,0.171,0.464,121.892,1Hohk6AufHZOrrhMXZppax,215460,4
0.656,0.838,-8.407,0.041,0.25,0.00281,0.207,0.74,132.981,3NanY0K4okhIQzL33U5Ad8,131253,4
0.567,0.773,-5.166,0.0775,0.0396,0,0.111,0.496,160.08,42tD9J0KCPFSc1d2hFTvAf,180000,4
0.707,0.811,-5.298,0.0304,0.311,0.0152,0.131,0.899,113.971,69w5X6uTrOaWM32IetSzvO,187342,4
0.817,0.67,-6.534,0.0506,0.123,1.92E-06,0.128,0.495,130.058,4d4ZXH4dr5bYfgErHiZCX2,208615,3
0.34,0.684,-6.306,0.044,0.00979,0,0.348,0.556,112.969,5UXJzLFdBn6u9FJTCnoHrH,248819,4
0.901,0.589,-6.713,0.289,0.00302,0.000237,0.0992,0.399,98.002,1zsPaEkglFvxjAhrM8yhpr,196600,4
0.742,0.527,-6.892,0.0769,0.327,0,0.25,0.638,84.974,3o9kpgkIcffx0iSwxhuNI2,169238,4
0.833,0.652,-6.942,0.0762,0.00161,0.0985,0.106,0.405,158.022,0LnS7aOdOdI1dNKZqdOLz4,135053,4
0.836,0.743,-6.305,0.0653,0.0974,0,0.335,0.723,108.965,6HMtHNpW6YPi1hrw9tgF8P,191938,4
0.326,0.397,-8.145,0.0461,0.619,0,0.0979,0.276,153.713,0iNZGC211wst3VjtobNnC5,216095,3
0.817,0.512,-6.943,0.0984,0.037,0,0.216,0.17,130.04,3wspfG772mi1c25JpnNOVP,166039,4
0.669,0.742,-3.518,0.0441,0.296,0,0.355,0.716,101.982,5uSFGgIfHMT3osrAd9n9ym,203472,4
0.544,0.786,-2.97,0.0501,0.00991,0,0.169,0.446,153.967,6Jkm5kUldvIqxzI1Pa7nXH,157138,4
0.816,0.77,-5.477,0.0538,0.0798,0,0.118,0.671,96.99,5NxhMcHSVY3Z7ykWxZf3aj,230653,4
0.855,0.59,-8.55,0.0751,0.28,0.0982,0.149,0.283,110.016,3K56RPWS4q200IwHiIZcUD,137184,4
0.538,0.0203,-23.163,0.0437,0.92,0.019,0.104,0.103,121.447,4kJT7Yj6Za01KfKHjb7mZE,132000,3
0.736,0.71,-8.497,0.091,0.383,0.0351,0.395,0.0728,82.482,5IPl8JpkbtSH1mdyq5ctSx,141093,4
0.815,0.742,-4.896,0.245,0.0579,0,0.345,0.584,137.036,2g3qKijfeHfDyM7Fmaoi5M,182533,4
0.625,0.604,-7.415,0.339,0.257,2.06E-05,0.129,0.372,174.089,6qmvAJSUfVGMubvI2awW7p,169722,4
0.53,0.592,-7.281,0.0534,0.381,0,0.294,0.544,125.721,3TFoEJe5zNuHZStRboWPxg,158537,4
0.589,0.829,-4.861,0.0332,0.0196,0,0.128,0.563,121.998,0pnKcAh5binHOP9HexWwnZ,199000,4
0.869,0.298,-12.076,0.386,0.2,0,0.0753,0.178,77.47,5cx7vkF8BQ0iOsVpfvZbnz,161355,4
0.387,0.135,-14.398,0.051,0.929,0,0.0948,0.21,82.987,5SHpuW2qjkQtFRpE6P9Nks,216448,4
0.608,0.429,-10.336,0.0316,0.47,0.245,0.129,0.242,113.818,2LSsSV7V33wM9EKQA2xjGS,167387,4
0.811,0.528,-7.278,0.275,0.291,0,0.0787,0.635,166.084,1jOgJN75btuUONIdf57vHz,104819,4
0.812,0.89,-2.661,0.209,0.0961,0,0.0222,0.69,100.006,3O8G8eVrhfXTGttyQ1xVuq,191965,4
0.676,0.814,-3.213,0.0585,0.277,0,0.0953,0.601,92.554,5IXdkgrT4lb9sKIb8tbOQ3,168676,4
0.551,0.55,-5.339,0.0286,0.777,0,0.202,0.342,101.19,1Y3LN4zO1Edc2EluIoSPJN,176440,3
0.527,0.461,-5.908,0.0269,0.118,0,0.0831,0.227,128.153,0De9jFjJ4eRLl7Yww2eBw1,214405,3
0.775,0.461,-6.594,0.124,0.157,0,0.0687,0.131,134.028,60PTOzcoFycWBICdumIsFQ,188060,4
0.39,0.752,-7.581,0.19,0.108,0.00308,0.555,0.637,128.926,4sFGNz4MYpGoz53ZGCwsiE,127781,1
0.448,0.606,-4.565,0.0609,0.577,0,0.217,0.483,121.15,1zu2GKHPJIsUu80SUJX4H4,163613,4
0.829,0.644,-7.696,0.0427,0.354,0.0511,0.0944,0.896,105.993,35TyJIMR3xRouUuo2sjS6v,243508,4
0.364,0.554,-9.076,0.0301,0.077,0.000297,0.125,0.257,150.079,0j3mqDTK4Z6lvrLzFCUUz6,214800,3
0.633,0.478,-8.039,0.044,0.0558,0,0.202,0.441,169.961,0wTTf3msjDJ8NcZGTmQJQV,158168,4
0.884,0.423,-10.181,0.275,0.115,0,0.0895,0.259,95.753,5JS1gz9zP4GTy0LZYvSeUK,159973,4
0.695,0.923,-3.93,0.0522,0.0425,0.0469,0.116,0.551,108.014,64dLd6rVqDLtkXFYrEUHIU,215150,3
0.637,0.651,-7.089,0.0521,0.32,0,0.0938,0.485,115.926,7ByxizhA4GgEf7Sxomxhze,251511,4
0.795,0.526,-9.086,0.204,0.067,2.00E-06,0.134,0.194,140.037,7ohROa13QK43JBRqfCmz4P,181393,4
0.861,0.645,-6.96,0.0743,0.423,0.000592,0.349,0.668,121.391,2uflssWlCaJ6CbTMOsUpNI,210989,5
0.64,0.553,-6.42,0.0411,0.0579,0,0.0914,0.486,81.992,6GUiIbJ834FcHewby3PwV0,148471,4
0.843,0.7,-3.563,0.0803,0.0934,0,0.14,0.899,93.991,1ri9ZUkBJVFUdgwzCnfcYs,226088,4
0.701,0.875,-4.1,0.0757,0.0262,7.32E-06,0.137,0.84,111.976,1l4iQsOZ5sOXZPMQLvouaB,166720,4
0.618,0.75,-4.608,0.0287,0.00799,0,0.141,0.619,123.885,4qbibbQ1yK0rPl0JUJS0bz,196890,4
0.924,0.716,-7.158,0.0541,0.0177,1.15E-06,0.128,0.48,119.973,3zb9k8UUuKz5tYmKJvNqQA,122880,4
0.615,0.361,-9.57,0.028,0.38,0,0.0844,0.244,111.991,3Y2MvObZdPakD1X71KOxCD,177857,4
0.677,0.495,-7.174,0.0821,0.0668,0,0.319,0.152,129.974,7Ddk8FhoYKdsVoX9AOCPMm,178176,4
0.659,0.745,-3.599,0.0347,0.0417,0,0.296,0.54,74.967,7qTaDOcld0VmBWXnkbUj45,185600,4
0.915,0.621,-6.519,0.1,0.0745,0,0.628,0.527,131.984,0L8LOav65XwLjCLS11gNPD,179173,4
0.744,0.495,-6.311,0.0634,0.0216,0,0.111,0.128,83.51,1hB3M3POeKMLxcEFEvPeqU,231221,4
0.812,0.855,-3.725,0.0554,0.0789,0.000167,0.108,0.573,90.04,48AJSd42lXpicsGqcgopof,192477,4
0.762,0.649,-5.624,0.0527,0.58,1.70E-05,0.0971,0.501,145.09,293mQGfVwgXIOdA1GpiwAt,239146,4
0.527,0.66,-10.692,0.0877,0.0141,0.0185,0.156,0.283,173.979,4pH8cIlMI9NrTWcDiQbuRe,171702,4
0.376,0.657,-4.658,0.0768,0.0858,0,0.0884,0.203,80.565,1r8ZCjfrQxoy2wVaBUbpwg,164782,4
0.519,0.595,-5.001,0.0283,0.00151,0,0.0762,0.237,129.786,1Ame8XTX6QHY0l0ahqUhgv,247067,4
0.403,0.711,-4.189,0.0569,0.137,0,0.109,0.801,203.803,4wBjKhJx6JnGoNJfJs24pd,170560,4
0.535,0.791,-5.55,0.0327,0.00096,0.000155,0.0788,0.5,142.981,2D4dV2KXDTszzJ3p3cFqhA,211814,4
0.486,0.766,-5.821,0.0938,0.0282,0,0.123,0.417,154.992,5p8ThxM2OhJ0igfxkz0Z1q,273500,4
0.465,0.26,-8.179,0.031,0.475,0,0.138,0.259,116.642,18zQTt3ifDv6iLni2YuXMg,213333,4
0.746,0.37,-6.309,0.0306,0.456,0,0.106,0.595,97.568,3bvJftZKZe5QKz433NczyV,167692,3
0.596,0.545,-6.911,0.0368,0.703,0,0.0811,0.0923,82.07,5ie5OPdaP9fivYaKcjwKF1,191159,4
0.356,0.401,-10.303,0.0278,0.426,1.48E-05,0.131,0.38,92.488,4DYKah8mcZf0O4l9Gt7woU,177400,4
0.829,0.644,-4.86,0.291,0.221,1.04E-06,0.141,0.515,147.151,6ja11GoXgF75QkEVqqAadn,166515,4
0.855,0.478,-8.31,0.345,0.145,0,0.101,0.536,153.074,2BSl2gSFHdzJAMus74qzNj,158431,4
0.585,0.596,-5.677,0.353,0.0276,0,0.111,0.148,157.957,6Y95jrYOOWDkh7uO6PSDBT,147436,4
0.81,0.789,-5.08,0.0846,0.191,1.08E-05,0.467,0.77,105.009,2NMjggapJcXXM7WccGEBUO,176000,4
0.586,0.689,-6.04,0.425,0.0434,0,0.184,0.456,158.457,6mM8gri8d2abYYomjOV4ut,110707,4
0.87,0.548,-5.253,0.077,0.0924,4.60E-05,0.0534,0.832,96.018,1O2pcBJGej0pmH2Y9XZMs6,153750,4
0.561,0.635,-8.668,0.0345,0.492,1.27E-06,0.0945,0.4,147.094,4ixwxIXEFw0Jf5nY0Leipd,211199,3
0.731,0.491,-3.116,0.029,0.609,0,0.262,0.781,132.891,0uBcoM4zxRXk7kmsmxoiFS,170053,3
0.609,0.515,-9.843,0.0486,0.539,0.0839,0.0722,0.853,152.787,0OLLsFyVPrjI3iL03lDFXk,186709,3
0.494,0.667,-4.632,0.263,0.00299,0,0.0815,0.179,88.028,6qzBOV7lg2pnYm1tIvjxo3,192727,5
0.41,0.82,-4.252,0.376,0.181,0,0.679,0.303,81.202,22TFAU0e7WHAQFGzwneu1e,256706,3
0.878,0.685,-5.28,0.225,0.00152,0,0.0753,0.523,157.003,3uJFmluXzYedoJcvhpC1AW,211649,4
0.808,0.644,-6.167,0.329,0.0716,0,0.085,0.512,151.098,7asQMsxC6dNgY0inCzJC5O,206968,4
0.693,0.887,-5.039,0.0795,0.0581,2.71E-06,0.27,0.864,114.942,5pyoxDZ1PX0KxBxiRVxA4U,278282,4
0.713,0.689,-5.99,0.255,0.16,0,0.136,0.63,156.934,1oc92BMKYkNxK17C2GtyRM,171319,4
0.674,0.58,-4.866,0.0311,0.0609,0,0.159,0.0759,121.987,3i6sCTU7ENlnHpHvrHUitW,259672,4
0.691,0.656,-5.673,0.0679,0.222,0.00111,0.153,0.393,89.467,6PQK1Y3Dl6dym9pj0y9Chy,159331,4
0.514,0.779,-4.365,0.344,0.181,0,0.099,0.517,152.869,28qA8y1sz0FTuSapsCxNOG,222497,4
0.512,0.636,-8.087,0.0469,0.113,3.80E-05,0.104,0.312,121.431,4O2rRsoSPb5aN7N3tG6Y3v,267256,4
0.559,0.885,-4.515,0.189,0.0432,0,0.333,0.683,172.029,10SRMwb9EuVS1K9rYsBfHQ,193594,4
0.795,0.845,-3.809,0.135,0.105,1.14E-05,0.172,0.769,170.023,6DoL1yYIwEW7VZMRaJhoJI,254920,4
0.703,0.709,-4.169,0.0433,0.00379,5.43E-05,0.333,0.538,117.941,0Q5VnK2DYzRyfqQRJuUtvi,177187,4
0.723,0.737,-7.566,0.0386,0.00435,0.00261,0.116,0.689,123.039,7z84Fwf1R3Z2BwHCP620CI,207652,4
0.849,0.584,-8.195,0.115,0.0929,6.18E-06,0.492,0.724,115.018,0wihfILRNOwE2156Shezc8,139041,4
0.859,0.721,-3.369,0.237,0.011,0,0.484,0.689,148.015,5BvfdAtqZXGbR3Ub1Bejb6,214240,4
0.55,0.762,-7.861,0.32,0.0109,0.00179,0.398,0.347,200.211,2UbMJbQq6G0TJnmnubgolV,162138,4
0.665,0.296,-8.64,0.0276,0.744,0,0.0922,0.539,89.142,1JcIXOir94YUYBt2cXTzn2,255144,4
0.689,0.627,-5.692,0.308,0.105,0.000321,0.0905,0.905,184.008,1jEBSDN5vYViJQr78W7jr2,187704,4
0.798,0.697,-7.139,0.0891,0.0202,0,0.259,0.745,90.031,0skYUMpS0AcbpjcGsAbRGj,186964,4
0.52,0.751,-5.064,0.0551,0.171,7.40E-06,0.0624,0.519,156.044,1tRxwf8Q0AcshfHuaD86Yt,236456,4
0.752,0.807,-4.386,0.172,0.0146,0.000376,0.8,0.442,87.507,2gkVweydDn7MmHmqXAlEzk,195994,4
0.696,0.583,-6.384,0.0307,0.629,0,0.123,0.543,79.057,2BJy4svtrGACqRB5BFLOK6,208813,4
0.864,0.476,-10.068,0.436,0.0374,0,0.374,0.647,157.144,1vrFJDrysqmsNAgyjBzx4f,137580,4
0.419,0.817,-4.704,0.0468,0.0243,0,0.251,0.317,78.107,5glU2EWqa5hpYqGPboSNjV,202600,4
0.901,0.589,-6.713,0.289,0.00302,0.000237,0.0992,0.399,98.002,6Rpbzk2LC8xWZI93RyodAq,196600,4
0.662,0.77,-4.887,0.0367,0.0875,0,0.35,0.769,132.057,73NzYbpaYvQ7JfpjztFESL,167535,4
0.836,0.703,-3.554,0.0657,0.0845,0,0.138,0.902,94.048,7FlQk2gJ6TBrHHiidvdR2O,226093,4
0.596,0.544,-7.039,0.0341,0.391,3.06E-06,0.129,0.707,136.728,1wLNEMiUzwvRZz9XHCXhAE,178151,4
0.715,0.62,-6.005,0.0484,0.417,0,0.0822,0.172,97.95,2dHHgzDwk4BJdRwy9uXhTO,221520,4
0.724,0.684,-4.413,0.0705,0.144,0.0035,0.302,0.729,144.117,4ygQ5wSuzzNRevVjup1qV2,175296,3
0.701,0.562,-8.915,0.0381,0.0166,1.20E-05,0.352,0.354,84.994,13VvjrXWYzG9lWViL8Y9vM,169412,4
0.541,0.619,-8.746,0.254,0.167,0.00633,0.144,0.491,163.908,3zakx7RAwdkUQlOoQ7SJRt,214693,4
0.629,0.692,-3.332,0.0678,0.173,0,0.0675,0.737,154.211,62oqxoJQYPCyjZ2ChH7foI,105195,4
0.5,0.485,-7.94,0.0422,0.633,1.26E-06,0.107,0.379,109.755,6k07Z7rd9og1FvRJD2n9E8,207453,4
0.535,0.618,-5.668,0.382,0.0245,0,0.103,0.211,165.991,6ws54n2IzyrIxxyzlG2bVJ,213976,4
0.839,0.642,-5.581,0.0535,0.0431,6.76E-05,0.148,0.211,140.078,65nmqAEqW7CJIkXOIkxyg8,180760,4
0.836,0.826,-2.66,0.0461,0.213,6.03E-06,0.0814,0.579,102.025,33cF8aTmGJ6TsEf23uqGIN,197101,4
0.705,0.613,-7.441,0.123,0.262,6.97E-06,0.198,0.259,74.521,3wn8nOygkHLUQ9dlXM1rKW,167187,4
0.785,0.609,-8.623,0.186,0.031,5.47E-05,0.096,0.326,83.962,5B40Td13cDQ4adeAiLf8Z4,148855,4
0.612,0.675,-6.518,0.0231,0.0994,0,0.217,0.763,97.04,0DmkBOGgEWMbUJlL6VwwF2,201547,4
0.553,0.659,-7.295,0.0391,0.0027,0,0.105,0.105,120.146,0VO8gYVDSwM1Qdd2GsMoYK,234000,4
0.728,0.496,-7.298,0.127,0.0325,0,0.0916,0.214,86.468,26Hgx0810XUis01XWvoftB,166889,4
0.798,0.458,-8.278,0.0504,0.115,0,0.145,0.198,133.972,6tYzs9xlEeYznMJpJ0sUkI,157667,4
0.83,0.644,-5.431,0.407,0.0298,0,0.11,0.227,155.103,0HrWshW3SuFJ6nKS9ba9Mh,173419,4
0.608,0.626,-4.773,0.301,0.597,2.16E-06,0.25,0.246,176.086,71wFwRo8xGc4lrcyKwsvba,250534,4
0.696,0.623,-8.738,0.0438,0.466,8.61E-06,0.0983,0.965,154.028,2NWaWZZLFMcr5P4uI2KvWy,223431,3
0.646,0.85,-5.466,0.0428,0.363,4.01E-05,0.0994,0.819,96.538,14dJexYlvd3t3XAtD1pYW1,212568,4
0.529,0.845,-8.142,0.404,0.244,0,0.143,0.331,85.63,5Gt9bxniM1SxN61yRzRhXL,255378,3
0.538,0.742,-5.355,0.114,0.138,4.67E-05,0.0934,0.25,96.107,5Z2MiIZ5I3jJvvmeWMLbOQ,272373,4
0.342,0.463,-11.716,0.0354,0.0101,0.000712,0.12,0.187,85.05,2JltnZUDzrxKuwNjkK5N6Q,210347,4
0.382,0.408,-7.552,0.0407,0.75,0,0.127,0.128,77.063,4232gJU5ljjFmKaPh0cKds,173534,4
0.749,0.548,-6.223,0.352,0.194,0,0.16,0.581,153.855,1KaRuTOGchQyTnrY3vWzfR,180240,4
0.735,0.795,-6.523,0.113,0.0296,3.18E-05,0.0678,0.905,122,1nH2PkJL1XoUq8oE6tBZoU,188918,4
0.588,0.452,-4.75,0.0268,0.437,0,0.344,0.734,139.953,0UXlu64mDLvfzR8IXMz06J,185723,4
0.443,0.46,-10.971,0.0636,0.624,0.000229,0.103,0.256,158.366,0iade05WRF2AsjkRHDXz0v,206919,3
0.558,0.553,-7.868,0.0573,0.264,0.0079,0.0927,0.323,93.976,0B9D5rzkRgtuAVy4hQ84bD,142507,4
0.773,0.707,-5.71,0.0568,0.0103,1.04E-05,0.296,0.113,76.977,6wyhUr4Xw8z5uSy0AhoZfU,236187,4
0.709,0.679,-4.828,0.0588,0.808,4.61E-05,0.428,0.852,102.653,4i7HqWsN7iJzsXpsW5h1nb,191336,4
0.819,0.651,-5.829,0.169,0.00639,0,0.122,0.501,139.957,3GdWfmQBiiJrDUvSZS1bGv,185786,4
0.903,0.519,-9.151,0.26,0.281,0.000106,0.155,0.587,114.991,0314PeD1sQNonfVWix3B2K,116727,4
0.759,0.561,-5.643,0.131,0.803,0.121,0.101,0.491,104.915,7iwJOi3hlMqZt6pj1sQOBj,180673,4
0.573,0.17,-10.576,0.0555,0.834,3.08E-06,0.108,0.28,146.749,7fkxcbBBsV7keJPnNfNf2L,187813,3
0.708,0.449,-4.369,0.0286,0.451,0,0.111,0.63,84.396,4pKhxDtzoLPVy4GzW1ibAz,214000,1
0.669,0.773,-5.619,0.153,0.038,0,0.113,0.377,93.923,32vE1nuG8T9c8bhmZdRY6d,185857,4
0.782,0.624,-10.807,0.415,0.44,0,0.119,0.673,142.107,0IEpFiWXbmfpiiUHPlPkYC,225875,4
0.727,0.839,-4.781,0.184,0.01,3.63E-06,0.177,0.338,95.485,6Ole34qqbgkZ60IyrcVm7e,127253,4
0.699,0.51,-7.153,0.0352,0.498,0,0.22,0.625,98.07,7cZoAjj5vufdREBJZGW2lH,172227,3
0.526,0.606,-5.3,0.259,0.152,2.36E-06,0.194,0.492,116.622,0vjeOZ3Ft5jvAi9SBFJm1j,182667,4
0.71,0.522,-9.102,0.36,0.615,0,0.11,0.37,96.448,3EMp20j5E42MxfFbsEsIvD,309327,4
0.728,0.783,-4.424,0.266,0.237,0,0.434,0.555,77.011,3CIyK1V4JEJkg02E4EJnDl,173381,4
0.854,0.611,-6.824,0.228,0.2,0,0.19,0.728,129.003,6PvHZ5vVjUhngh0t3pIsPc,208372,4
0.756,0.697,-6.377,0.0401,0.182,0,0.333,0.956,94.996,0QBzMgT7NIeoCYy3sJCof1,206071,4
0.552,0.517,-7.906,0.0245,0.0211,0.00612,0.152,0.105,79.512,164LL9rTyEZ6DF0KMgXxsJ,220798,4
0.576,0.627,-4.649,0.0449,0.0385,0,0.181,0.311,164.998,6kxaaIeowajN7w21PfMLbu,176059,4
0.633,0.433,-8.833,0.229,0.0053,0.28,0.145,0.373,122.088,2WzAAerBvZvvFXgUpSwHZ9,121972,4
0.757,0.789,-3.46,0.0583,0.307,0,0.0717,0.464,91.911,5jt25aFjW2kNoBqaEVaz5W,202174,4
0.762,0.861,-3.296,0.0955,0.0185,0,0.264,0.955,120.048,0xzI1KAr0Yd9tv8jlIk3sn,172714,4
0.581,0.8,-2.613,0.411,0.154,0,0.0697,0.709,119.872,63irPUP3xB74fHdw1Aw9zR,182758,5
0.865,0.573,-5.501,0.0678,0.0863,0,0.305,0.563,94.999,2CeKVsFFXG4QzA415QygGb,155960,4
0.408,0.338,-13.626,0.0431,0.521,0.000639,0.0732,0.1,133.943,3SM7uIYEz3v3BGy9RHp7oU,177609,3
0.623,0.668,-7.282,0.0531,0.475,0,0.0862,0.823,161.948,1PeUBAk4qTDswlF2OWq2sD,183067,4
0.623,0.668,-7.282,0.0531,0.475,0,0.0862,0.823,161.948,5jPAqU8l4B8sZB5eoWmp8F,183067,4
0.639,0.836,-4.878,0.048,0.027,0,0.283,0.814,104.998,5UXD8QcFJMIaSWPFjJpjTe,216720,4
0.533,0.426,-9.525,0.0297,0.46,0,0.1,0.152,103.267,7vWihOYFUHvzo2iePGACPn,216427,3
0.623,0.668,-7.282,0.0531,0.475,0,0.0862,0.823,161.948,07TBr01KmGHzYBjMhGLRiB,183067,4
0.759,0.401,-8.999,0.259,0.86,0,0.299,0.576,100.126,4GU6AMBu1GSgvfPBGlWUPj,232627,4
0.623,0.668,-7.282,0.0531,0.475,0,0.0862,0.823,161.948,25R79IUZvnzYLvDoMK2vIW,183067,4
0.623,0.668,-7.282,0.0531,0.475,0,0.0862,0.823,161.948,1uYZzodSEFxtc5FSCqlx1S,183067,4
0.658,0.634,-5.797,0.0413,0.0106,0,0.132,0.29,139.98,4FewnM4RbVjKPaw4ZdlcUh,170813,4
0.752,0.85,-8.327,0.0819,0.025,0.000131,0.149,0.491,122.991,1MZYkkl3pVSGU1Q8o3ZSOw,225333,4
0.686,0.538,-8.026,0.0345,0.181,3.13E-06,0.113,0.584,115.884,5vpZTosgtILcUtuZdBeLG7,190779,4
0.679,0.748,-3.624,0.0385,0.0878,0,0.299,0.438,100.035,7EIedhvGtqXejaymiHbDFF,200787,4
0.623,0.668,-7.282,0.0531,0.475,0,0.0862,0.823,161.948,4N4tdpwsdiPTXX6A7nEbJS,183067,4
0.638,0.515,-8.575,0.0288,0.521,0,0.317,0.419,100.01,0bHiS6ytr0YxHYvuQZjmgX,206800,4
0.623,0.668,-7.282,0.0531,0.475,0,0.0862,0.823,161.948,5sFiboofATo4GUEI0yjcDj,183067,4
0.638,0.515,-8.575,0.0288,0.521,0,0.317,0.419,100.01,1XTR3NDRqzOzYQZAsgK5at,206800,4
0.575,0.842,-5.058,0.0348,0.00683,0,0.279,0.665,111.995,11kskoMyNDumaR30CI6rRv,183027,4
0.684,0.545,-6.885,0.121,0.159,0,0.102,0.407,143.049,1HvTxgCj0mTzQlEo0zLvFb,135264,4
0.776,0.431,-7.544,0.091,0.671,0,0.153,0.495,133.999,6BU1RZexmvJcBjgagVVt3M,283642,4
0.845,0.503,-7.021,0.334,0.027,0,0.116,0.416,147.031,7fSM2taFBEB1WNZl8AOIoo,161637,4
0.714,0.645,-5.493,0.0514,0.229,0.00083,0.0942,0.434,85.046,28GCbKgjlVD9eDmasGbe0T,180930,4
0.721,0.769,-4.111,0.105,0.0922,0,0.0817,0.915,155.932,13Irp51zj01BZu2XtDrnAg,187108,4
0.788,0.859,-2.724,0.0856,0.281,0,0.0424,0.822,141.02,6yhDZBPpf2uq9mbwF44qEH,207853,4
0.807,0.893,-3.745,0.0347,0.0451,2.79E-05,0.366,0.537,126.011,3r0PQp85aaKZ2XBZkLDoDj,230747,4
0.788,0.859,-2.724,0.0856,0.281,0,0.0424,0.822,141.02,2fW3Q24ls02fxMJ7Wpb5Xp,207853,4
0.567,0.211,-9.975,0.0315,0.952,5.24E-05,0.275,0.289,134.019,27FHoadvexAZ2njjPt5tgP,185587,4
0.567,0.211,-9.975,0.0315,0.952,5.24E-05,0.275,0.289,134.019,7f4KQq7ZqNjnhHH1MGaxTm,185587,4
0.52,0.849,-3.794,0.186,0.00253,0,0.119,0.774,175.908,2WhXnGv3Hy7tj5J9CHNwnF,236907,4
0.788,0.859,-2.724,0.0856,0.281,0,0.0424,0.822,141.02,34BnRRhWiBqPaSEnLS6NWF,207853,4
0.66,0.315,-11.567,0.0364,0.528,0.000298,0.104,0.542,91.207,2vzaPcim3iprX4xva0EvZk,300253,4
0.807,0.893,-3.745,0.0347,0.0451,2.79E-05,0.366,0.537,126.011,1xQQAXMlnq9bgEob8Mc8DL,230747,4
0.52,0.849,-3.794,0.186,0.00253,0,0.119,0.774,175.908,75lkrJjjsFcl9Ka7PTblY3,236907,4
0.807,0.893,-3.745,0.0347,0.0451,2.79E-05,0.366,0.537,126.011,2aw9Ka9G7mzTJaz6GhsIiK,230747,4
0.693,0.643,-5.867,0.0828,0.138,0,0.108,0.477,95.055,3H0Lte7NnfMzwdBFXXvEVd,163450,4
0.598,0.448,-6.312,0.0232,0.162,0,0.106,0.168,95.009,3y4c6gJV4qKPRrOFSFj10h,263400,3
0.788,0.859,-2.724,0.0856,0.281,0,0.0424,0.822,141.02,1lul9wgDlvoiVl0SxCUCX7,207853,4
0.807,0.893,-3.745,0.0347,0.0451,2.79E-05,0.366,0.537,126.011,2FRcTx4P8yns1Q09qbHVgG,230747,4
0.788,0.859,-2.724,0.0856,0.281,0,0.0424,0.822,141.02,6RHdeh7Cg5n2gWcr4YRbyx,207853,4
0.693,0.643,-5.867,0.0828,0.138,0,0.108,0.477,95.055,3PHTFjT1WR37AbJRYOYCqC,163450,4
0.693,0.643,-5.867,0.0828,0.138,0,0.108,0.477,95.055,5KLYwrII3a6rgYiJgdJikf,163450,4
0.807,0.893,-3.745,0.0347,0.0451,2.79E-05,0.366,0.537,126.011,41xMUxUpQH6nzqTCIDGyAs,230747,4
0.594,0.935,-2.018,0.0357,0.243,2.36E-06,0.102,0.602,113.99,1ATxY7OpJYr72akhpTaPze,208547,4
0.598,0.448,-6.312,0.0232,0.162,0,0.106,0.168,95.009,62gMcx3Jv0PAj8AIGENITF,263400,3
0.521,0.385,-7.355,0.0288,0.536,0,0.135,0.235,89.892,7k64X7t8ThF6CcD23g6LDy,207520,4
0.788,0.859,-2.724,0.0856,0.281,0,0.0424,0.822,141.02,0jd9tsX3qFd7zxCkAum8xe,207853,4
0.788,0.859,-2.724,0.0856,0.281,0,0.0424,0.822,141.02,0edl8ZNQ6DrjDoZo6DqM75,207853,4
0.768,0.935,-4.902,0.0598,0.0488,0.00117,0.339,0.8,125.971,6VxVTeBoDRfZbvO3hmCIny,189577,4
0.788,0.859,-2.724,0.0856,0.281,0,0.0424,0.822,141.02,77dk4vKGuSSrAV6UNKVTH3,207853,4
0.52,0.849,-3.794,0.186,0.00253,0,0.119,0.774,175.908,3t9qAXzaBAk9N7tcxbTcfb,236907,4
0.693,0.643,-5.867,0.0828,0.138,0,0.108,0.477,95.055,0Q8Tz3o8bvVIaAA8hWRukB,163450,4
0.528,0.328,-9.872,0.046,0.694,0,0.112,0.111,116.069,2H6wFbS8GkpowI8HHdDUdx,526387,4
0.788,0.859,-2.724,0.0856,0.281,0,0.0424,0.822,141.02,2Boymqz0BBY5rvq7AtHI4n,207853,4
0.693,0.643,-5.867,0.0828,0.138,0,0.108,0.477,95.055,1YTs21HsSPMSsiNbWWlRUX,163450,4
0.693,0.643,-5.867,0.0828,0.138,0,0.108,0.477,95.055,4q3gzzgoZelIKdwaATEN9j,163450,4
0.589,0.0937,-14.301,0.0444,0.95,0.00619,0.128,0.505,152.139,5n6KlD8KaxyggXrtJos06s,195840,4
0.768,0.935,-4.902,0.0598,0.0488,0.00117,0.339,0.8,125.971,0HyJO6NFcJ3AOywuWktOOs,189577,4
0.693,0.643,-5.867,0.0828,0.138,0,0.108,0.477,95.055,4IKOyBkOK1RVCEhPAEqq6D,163450,4
0.471,0.396,-6.654,0.0336,0.77,0,0.0729,0.263,149.609,3yL0U7omavMnqvsGF7OlPB,215507,4
0.693,0.643,-5.867,0.0828,0.138,0,0.108,0.477,95.055,16engy5wh9zqwOFqi7aLGT,163450,4
0.807,0.893,-3.745,0.0347,0.0451,2.79E-05,0.366,0.537,126.011,7yoh1TNjfTm8FGWlWur4Uh,230747,4
0.693,0.643,-5.867,0.0828,0.138,0,0.108,0.477,95.055,6HThifg9H2JcLTEb3YFaQ7,163450,4
0.768,0.935,-4.902,0.0598,0.0488,0.00117,0.339,0.8,125.971,5zDx7kWRWB5rmL6zwMBSSg,189577,4
0.807,0.893,-3.745,0.0347,0.0451,2.79E-05,0.366,0.537,126.011,0dBKRqNJ7MxNEwVSnlQVAC,230747,4
0.693,0.643,-5.867,0.0828,0.138,0,0.108,0.477,95.055,3emuRLjWoRyuxnMkHcXI5w,163450,4
0.807,0.893,-3.745,0.0347,0.0451,2.79E-05,0.366,0.537,126.011,1b4YfqkuvrXsUKiOjUWYgw,230747,4
0.807,0.893,-3.745,0.0347,0.0451,2.79E-05,0.366,0.537,126.011,00QO1DNFhcJU296czrEE6d,230747,4
0.788,0.859,-2.724,0.0856,0.281,0,0.0424,0.822,141.02,4kVxEVHIyFRdkiHhUqDKH9,207853,4
0.798,0.676,-5.041,0.0442,0.0902,0,0.0894,0.843,101.956,1VxIoK04TWLAZTNRieqIlt,219947,4
0.567,0.211,-9.975,0.0315,0.952,5.24E-05,0.275,0.289,134.019,6DMNA9ppaAbi01daFAFXgl,185587,4
0.693,0.643,-5.867,0.0828,0.138,0,0.108,0.477,95.055,6bRWtZ1cdEBqG68Y9YF67L,163450,4
0.471,0.396,-6.654,0.0336,0.77,0,0.0729,0.263,149.609,2ObkmXfC8XXgmli4J79Ie7,215507,4
0.693,0.643,-5.867,0.0828,0.138,0,0.108,0.477,95.055,5vRSipGmNYkfS4zRbOxxDR,163450,4
0.693,0.643,-5.867,0.0828,0.138,0,0.108,0.477,95.055,2F53jsJGFtl07WAJYjLzyK,163450,4
0.788,0.859,-2.724,0.0856,0.281,0,0.0424,0.822,141.02,285dmnLPw14cXhmMBlkC74,207853,4
0.574,0.852,-1.248,0.0397,0.0529,0,0.161,0.501,123.038,34MLam63lOH0vdqqUIhHl4,209027,4
0.768,0.935,-4.902,0.0598,0.0488,0.00117,0.339,0.8,125.971,4riPQ8LoKL2VNpP82ccy81,189577,4
0.693,0.643,-5.867,0.0828,0.138,0,0.108,0.477,95.055,4TK4I37WegLSHzFvRsbnie,163450,4
0.594,0.935,-2.018,0.0357,0.243,2.36E-06,0.102,0.602,113.99,4esa7FDxor4CaI7dNp7PDC,208547,4
0.693,0.643,-5.867,0.0828,0.138,0,0.108,0.477,95.055,25xbor9MAvA2dx9tvrSJJU,163450,4
0.807,0.893,-3.745,0.0347,0.0451,2.79E-05,0.366,0.537,126.011,0iE3XYeHYouObjvDJ731GB,230747,4
0.693,0.643,-5.867,0.0828,0.138,0,0.108,0.477,95.055,1iXVfaGYBHab8tVNt6Ji4V,163450,4
0.693,0.643,-5.867,0.0828,0.138,0,0.108,0.477,95.055,2CKP8X4CmCnmuCwW515SV1,163450,4
0.693,0.643,-5.867,0.0828,0.138,0,0.108,0.477,95.055,1hzL4xtVGCFkTvy2vVV148,163450,4
0.571,0.567,-6.873,0.0994,0.431,0,0.129,0.967,165.332,1RGlfmdvcfatN0ZLOmzanS,196500,3
0.87,0.55,-5.537,0.0722,0.102,0,0.293,0.566,95.019,3kUq4sBcmxhnOtNysZ9yrp,156400,4
0.662,0.515,-6.867,0.199,0.458,0,0.163,0.386,69.808,4ZevD501qZiFK7FY8DFn0V,174474,4
0.788,0.859,-2.724,0.0856,0.281,0,0.0424,0.822,141.02,4akQJU8aVPtawK4NpKCVWK,207853,4
0.807,0.893,-3.745,0.0347,0.0451,2.79E-05,0.366,0.537,126.011,3Nn1Xa1aKzh2k4JQrWeBji,230747,4
0.594,0.382,-5.432,0.0292,0.416,0,0.117,0.223,110.237,7lNmcW2wW6ciV9Rhh8YOMe,254258,4
0.669,0.741,-6.545,0.316,0.0198,0,0.223,0.396,167.903,3y3NwQPQAjKCunRz2eKggA,166494,4
0.623,0.668,-7.282,0.0531,0.475,0,0.0862,0.823,161.948,0QevmXxczfDPzOa1n4IpOe,183067,4
0.574,0.736,-4.743,0.0465,0.146,1.66E-05,0.407,0.344,138.501,5XFoaqV1Z8XaLJidchVWhh,328573,4
0.354,0.475,-9.333,0.0425,0.149,0.034,0.21,0.0393,114.975,1X8E4vVoOM3BpSQlEDSjjM,217222,4
0.47,0.494,-8.672,0.0349,0.302,0,0.0672,0.0524,144.039,4d1CG5ei1E2vGbvmgf5KKv,250100,4
0.52,0.849,-3.794,0.186,0.00253,0,0.119,0.774,175.908,3fF56avdkIJRqEWChlkc0e,236907,4
0.788,0.859,-2.724,0.0856,0.281,0,0.0424,0.822,141.02,4qfZMIHUwWzBA3jOpDWrrM,207853,4
0.526,0.345,-10.497,0.0374,0.7,1.13E-05,0.105,0.357,121.877,3LtGy5Z821MnZE3KMtd8YG,241347,4
0.763,0.661,-5.592,0.056,0.169,0,0.117,0.632,95.002,6LogHCM7k6mJyaQejZbQCX,153627,4
0.781,0.445,-6.061,0.0296,0.474,0,0.184,0.591,78.997,5LOL3yNC0tYG4gMkr92e7N,281560,4
0.649,0.655,-5.534,0.0652,0.307,0,0.22,0.793,92.9,2WigMwGJysIh9fRnSJvpjn,147581,4
0.653,0.442,-11.727,0.0337,0.522,0.699,0.107,0.363,109.971,5g5XvfePSypMK6eiVL6BI7,234174,4
0.707,0.474,-4.603,0.0672,0.578,0,0.11,0.538,109.991,4RxdAzEmkPXTiIU6ULLoXh,157636,4
0.668,0.902,-3.924,0.0386,0.169,8.74E-05,0.198,0.913,119.008,12g9IeQzX7xECLNxz8dpb5,262624,4
0.818,0.69,-5.119,0.0454,0.00327,0,0.186,0.688,110.071,7gRFDGEzF9UkBV233yv2dc,175889,3
0.717,0.593,-5.064,0.169,0.185,5.93E-06,0.196,0.478,116.705,2X07jpd6Vo6Tzbbzq6rZWC,182667,4
0.807,0.625,-6.67,0.351,0.0741,0,0.487,0.871,146.031,6r9xnueU24r4eoG3HXC87E,111971,4
0.326,0.866,-4.541,0.101,0.0044,7.37E-06,0.0912,0.172,178.181,0kYMwaQWABTkFff8AZjmYI,215040,4
0.914,0.622,-6.538,0.0892,0.146,1.68E-05,0.0632,0.77,130.04,53tfEupEzQRtVFOeZvk7xq,156788,4
0.548,0.996,-2.169,0.112,0.0284,0.92,0.595,0.893,94.999,0iUrxveyNUBfj0cqjYEijt,265263,4
0.647,0.801,-2.946,0.249,0.0451,0,0.0628,0.517,180.108,3INN6X5tqIqjOLr5fSbqAF,166253,4
0.865,0.573,-5.501,0.0678,0.0863,0,0.305,0.563,94.999,74NjoFeZBdh0F5gFr6t32V,155960,4
0.763,0.608,-5.828,0.0884,0.14,2.63E-06,0.0864,0.782,174.027,6eIhpUQNEvHSkHMhB7m4LK,217880,4
0.705,0.562,-3.378,0.0674,0.257,0,0.137,0.569,163.893,5KHVy0lIlHd49hIWBOMF2w,167760,4
0.865,0.573,-5.501,0.0678,0.0863,0,0.305,0.563,94.999,71bRmMAJpXBe67BTM9S6H7,155960,4
0.821,0.602,-6.628,0.168,0.108,0,0.246,0.628,90.035,4qnooPxvsDDtYV0A5KblHS,186067,4
0.685,0.515,-5.662,0.241,0.62,6.07E-05,0.107,0.664,86.492,0qzTXnZGnMTfxOMEvLnCM8,201813,4
0.647,0.801,-2.946,0.249,0.0451,0,0.0628,0.517,180.108,19hRndkliMdQey8RR0wh4u,166253,4
0.72,0.583,-7.439,0.0992,0.0199,0,0.124,0.216,145.903,6OCQycuAmKXG6rhQQrkiFK,205000,4
0.647,0.801,-2.946,0.249,0.0451,0,0.0628,0.517,180.108,6YEd2LtYfrGr6Y5psf7CpZ,166253,4
0.865,0.573,-5.501,0.0678,0.0863,0,0.305,0.563,94.999,4oeqJzAKcGBNJekmlfl63o,155960,4
0.859,0.464,-7.328,0.291,0.207,0,0.114,0.368,134.966,65flLhuEBeIWaGGhak16b3,195453,4
0.558,0.69,-5.101,0.122,0.132,0,0.126,0.43,90.091,5mZBTey5stqLPiizwfc8Lg,186400,4
0.826,0.878,-2.389,0.0599,0.0242,0,0.0789,0.686,94.994,1f1YcnxeEXRN32ZujO2iJo,145120,4
0.647,0.801,-2.946,0.249,0.0451,0,0.0628,0.517,180.108,4XltXcfZxQz4TogIVzDHpz,166253,4
0.865,0.573,-5.501,0.0678,0.0863,0,0.305,0.563,94.999,2XRgMQBrRoMQ44VettzrNE,155960,4
0.635,0.506,-11.272,0.442,0.906,0,0.337,0.416,87.888,7FM10SXwuciH2Ck1vBM8bQ,68693,4
0.79,0.543,-6.952,0.0298,0.128,1.76E-06,0.153,0.794,122.451,3IFYbBUCjCelWt5asaYasY,171621,3
0.647,0.801,-2.946,0.249,0.0451,0,0.0628,0.517,180.108,3PpWCS95gDUDRPko3u1MZ9,166253,4
0.712,0.608,-5.985,0.0474,0.41,0,0.0784,0.152,97.95,7jHi6opPq439ruUlfH90Aw,221520,4
0.888,0.778,-3.671,0.0945,0.0566,0,0.0653,0.774,142.128,0cgy8EueqwMuYzOZrW5vPB,160162,4
0.445,0.367,-13.086,0.0452,0.761,0.075,0.0987,0.202,155.675,0AjcdGri5vhJsmZnduCEqd,165592,4
0.521,0.833,-6.992,0.0313,0.0906,3.13E-06,0.0647,0.581,141.944,5JLf54f83nJrxD4IhFaLl7,224985,4
0.6,0.659,-7.264,0.0542,0.176,0,0.111,0.307,89.955,0AoBY2Y3qs6dtGgOD6c91N,221747,4
0.907,0.59,-6.128,0.108,0.18,0,0.184,0.681,134.902,48qgXl0CQUVYJVn6xv0rsP,199111,4
0.824,0.672,-7.679,0.126,0.133,1.97E-06,0.114,0.797,120.538,5qKsIal7JJZ2bqXHPKdyVb,225250,1
0.684,0.671,-4.392,0.0464,0.189,2.37E-05,0.122,0.156,88.048,2Hh3ETdQKrmSI3QS0hme7g,199920,4
0.674,0.873,-4.256,0.0285,0.0482,0,0.18,0.946,115.01,4iy69rTUn8cAY8Q8q9vfOw,167760,4
0.822,0.788,-3.634,0.173,0.0838,0.000173,0.359,0.389,111.016,2Yt4SXIgmoaPZHGdRafp4P,222000,4
0.693,0.734,-6.189,0.202,0.0145,0,0.217,0.708,180.06,5zwwW9Oq7ubSxoCGyW1nbY,186964,4
0.782,0.728,-5.93,0.0768,0.427,0,0.25,0.876,97.975,4ZUpTMKPYFTfJqamWFU9Zv,140667,4
0.386,0.592,-7.299,0.374,0.363,0,0.117,0.161,146.879,32FhTAAjKZaBein150o3Px,196458,4
0.342,0.591,-5.115,0.0452,0.217,0,0.16,0.399,175.673,4tKtMWS8LZRvWhzuHKRIdr,169307,4
0.353,0.701,-5.169,0.0341,0.0755,0,0.191,0.464,89.739,4WkyOBjeLPk7rAisyKl0uN,166246,4
0.938,0.606,-6.396,0.419,0.117,0,0.528,0.706,121.108,5BmB3OaQyYXCqRyN8iR2Yi,123673,4
0.584,0.821,-3.628,0.0305,0.01,0,0.196,0.571,146,6iai8D40xiwuktWrxcInt1,201733,4
0.796,0.539,-5.974,0.0433,0.103,0,0.343,0.123,111.988,1pacwLXyRO47ka0v6LTIiY,188587,4
0.233,0.432,-5.957,0.0321,0.291,0,0.279,0.286,195.663,16LGRLfaVIC5rT2ZvLk0gd,184747,3
0.671,0.658,-5.567,0.309,0.189,8.66E-05,0.147,0.257,87.933,4WuOWVnAqvEQxgSRrspBgt,207307,4
0.814,0.628,-7.178,0.221,0.167,0,0.101,0.677,123.977,7mFj0LlWtEJaEigguaWqYh,201334,4
0.574,0.852,-1.248,0.0397,0.0529,0,0.161,0.501,123.038,4zrKN5Sv8JS5mqnbVcsul7,209027,4
0.85,0.664,-8.119,0.261,0.322,0,0.0475,0.743,144.108,6R6ZS5HYH4RdXkjEwEJO5R,160000,4
0.544,0.652,-6.938,0.0527,0.346,1.71E-06,0.114,0.519,145.039,2fihoO76h66Hio6noF4tQD,220571,4
0.591,0.758,-5.4,0.0719,0.435,0,0.179,0.412,82.008,3DUVwg2lfRKphwNtYE7S85,173011,4
0.749,0.629,-5.434,0.216,0.21,1.62E-06,0.0849,0.577,161.945,27Qz0cFmMGADsniMeUwyUe,106667,3
0.798,0.471,-8.824,0.125,0.00189,0,0.154,0.11,135.102,6Md6lyVVoKWcOaSg8u1tDn,187844,4
0.726,0.353,-10.273,0.105,0.65,0.002,0.224,0.503,137.66,2IlT65thKQQw248mhk2PjQ,169014,4
0.656,0.679,-8.594,0.0598,0.014,0,0.101,0.27,159.978,0qjoeS8gwEFqf0ju66ledI,174750,4
0.614,0.744,-5.52,0.125,0.309,1.14E-06,0.173,0.589,146.02,1NtyeXryylf8HWXnxVTD3v,226115,4
0.656,0.436,-11.141,0.0744,0.845,0,0.221,0.196,109.239,0QzuaeCEEOV40Pn7IvKEny,171743,4
0.742,0.498,-6.121,0.0498,0.707,0,0.109,0.926,99.95,1pnwc4c5qjgxr2tVdSU4C5,182507,4
0.504,0.893,-4.801,0.0488,0.00556,1.83E-05,0.34,0.333,145.005,3I56OBwJkDAyt9L00c8ois,202912,4
0.596,0.607,-6.179,0.168,0.33,0,0.103,0.531,119.882,5MWXOo8DJwgODtPGaietNz,120666,4
0.847,0.638,-3.764,0.0575,0.0596,0,0.0894,0.661,156.935,2DwUdMJ5uxv20EhAildreg,235562,4
0.626,0.583,-6.102,0.334,0.0279,0,0.112,0.133,113.42,31lopd32BkJBTSgYE16c5e,200471,5
0.643,0.605,-5.968,0.297,0.0336,0,0.112,0.145,84.216,3ihIZrJreMJPjQdNLrEXnP,200471,4
0.642,0.768,-3.674,0.0248,0.208,0,0.225,0.546,97.485,7KDYKPhxFFRDBSbgcfLxUT,227815,3
0.741,0.466,-8.023,0.0862,0.459,0,0.184,0.331,124.151,2hlM7pRlEJuukvzCsJF6JF,164679,4
0.544,0.546,-14.475,0.0923,0.0099,0.00027,0.392,0.151,161.76,5BDZ8atcxq0QHGn66YwTwh,100383,4
0.813,0.606,-4.871,0.0369,0.431,0.0051,0.179,0.578,127.975,5Lt0FOf1uyG5loAnxnV3Wc,202867,4
0.62,0.436,-8.108,0.213,0.554,0,0.0891,0.368,172.854,4YF13O2n16dcTyGgVmiGvN,169705,3
0.795,0.565,-4.457,0.0948,0.131,0,0.0802,0.55,87.925,5YbPxJwPfrj7uswNwoF1pJ,172342,4
0.847,0.69,-7.877,0.0493,0.0127,6.00E-05,0.0526,0.692,125.004,4zN21mbAuaD0WqtmaTZZeP,186662,4
0.863,0.62,-7.167,0.135,0.0508,0.00324,0.129,0.432,103.971,296nXCOv97WJNRWzIBQnoj,168437,4
0.428,0.443,-8.955,0.101,0.525,1.76E-05,0.219,0.2,87.934,6TSO4hwz9WGrEUY7ABGVim,180954,4
0.386,0.996,-2.96,0.0754,1.15E-05,0.000836,0.116,0.188,130.573,3pwmJJRlr8nXNN9PFD18np,205680,4
0.571,0.549,-7.38,0.404,0.18,0,0.168,0.447,119.497,5wG3HvLhF6Y5KTGlK0IW3J,194787,4
0.535,0.314,-10.563,0.0491,0.839,7.33E-05,0.104,0.301,150.065,2leovgVrJjIhnm85tKTemI,238624,4
0.364,0.62,-6.638,0.0555,0.736,0.00225,0.429,0.491,79.904,0YFqKxV9uNu6LUeYkLOKRS,168920,4
0.516,0.322,-11.762,0.0292,0.473,0.00194,0.215,0.261,148.005,2L9N0zZnd37dwF0clgxMGI,182888,3
0.346,0.547,-6.666,0.0542,0.742,0.000484,0.357,0.554,117.464,7lB3F8Od8g2pY3E5gpFIv1,168920,3
0.677,0.703,-4.369,0.042,0.186,2.44E-05,0.109,0.182,88.01,7qPHokLDeNrXTWrjhgudLj,199920,4
0.687,0.887,-5.04,0.0826,0.0575,2.21E-06,0.27,0.853,114.941,2KukL7UlQ8TdvpaA7bY3ZJ,278282,4
0.52,0.546,-4.991,0.213,0.579,0,0.112,0.634,137.419,3ncmoWTwJgx63LwMTyBCXf,204317,3
0.493,0.666,-4.525,0.268,0.00256,0,0.0797,0.164,87.932,6w2laMOxRE0yUsbq4bVLiZ,192727,5
0.898,0.509,-7.973,0.062,0.391,0,0.0876,0.727,119.869,1gH1h30wkQdd9zhY3j7a8T,181507,4
0.834,0.651,-5.844,0.0618,0.00395,5.18E-06,0.139,0.8,121.984,0uWopULW6vBRuPoi7EjKMR,143787,4
0.593,0.364,-7.242,0.175,0.515,0,0.348,0.652,83.133,0lyZyn18awzOJuVM7qzCmd,230000,4
0.945,0.848,-4.76,0.326,0.374,3.31E-05,0.101,0.819,119.918,5hHvFrMnwic82WwRLr4WY0,137107,4
0.799,0.653,-5.453,0.037,0.019,0,0.0935,0.236,104.019,3vySEUpD0tc801F2WZDLYw,215281,4
0.723,0.633,-6.982,0.0332,0.0551,1.93E-05,0.0665,0.498,112.022,6BWOWBSalJEp7woRZSyiMb,211227,4
0.709,0.734,-5.027,0.125,0.0411,0,0.346,0.245,143.087,2VtgzixdB967bHDNu5A1nh,174560,4
0.516,0.867,-3.139,0.0328,0.0237,0,0.106,0.615,166.031,1pbUfl4W9KtQ5hNkT6RiXp,166301,4
0.733,0.653,-6.094,0.0391,0.0179,0.0218,0.184,0.752,119.996,1QxIFMs4M8qd5cbJJu80v4,182895,5
0.834,0.782,-3.798,0.172,0.0809,0.000475,0.354,0.397,111.008,5zDlRvgcPfmnAG7BaTu2fy,222000,4
0.603,0.691,-5.805,0.0372,0.0248,0,0.583,0.577,147.148,0U1W2LZVUX7qTm7dDpqxh6,172267,4
0.64,0.601,-7.172,0.0372,0.0172,0,0.356,0.205,126.951,46Tqp6TCGO2vQZyztZy8Te,243797,4
0.417,0.202,-10.976,0.0357,0.935,0,0.108,0.323,118.029,6qj02zSeEJGWZ4c0dn5QzJ,194544,4
0.795,0.859,-2.994,0.0542,0.0361,0,0.0321,0.356,96.986,3lOMJTQTd6J34faYwASc33,168107,4
0.752,0.679,-6.453,0.0391,0.0853,0,0.28,0.704,127.945,1LvU6IFqQnXOIwJyBDb2io,243816,4
0.721,0.692,-2.927,0.0414,0.000166,0.275,0.104,0.531,120.005,0wGbyS1tExQSwOYu6UceyE,162042,4
0.504,0.267,-13.678,0.406,0.438,0,0.141,0.392,83.966,3vZGtceCbJVh5aDT4XhE0p,242823,4
0.521,0.526,-8.691,0.276,0.131,0.000577,0.173,0.179,161.571,1UsQe17Ef7tV1ahFqHEFR3,310960,4
0.556,0.798,-3.331,0.254,0.0848,0,0.33,0.628,131.096,1QpwvWMQGdOgA8MXXfgs4H,165747,4
0.554,0.809,-4.893,0.039,0.00481,0.00156,0.111,0.462,159.989,16Sdmdt7jpibASwEsO0s9j,211933,4
0.557,0.725,-5.79,0.0388,0.215,9.21E-06,0.217,0.54,143.34,50Emgupm363qIrYBe20FR3,220885,4
0.51,0.272,-13.763,0.0557,0.303,0,0.0958,0.435,143.984,2c2tlXfEmLgUNvxngIi1qL,247080,4
0.693,0.67,-3.537,0.0345,0.0958,0.00857,0.432,0.084,119.907,221qmpQeBNV87sUjQeUTVH,191520,4
0.79,0.536,-5.909,0.0422,0.107,0,0.354,0.144,111.994,4U7M0eKVrcj05fZkW8uMLZ,188587,4
0.725,0.984,-1.638,0.0351,0.000718,0.895,0.372,0.931,119.983,4oMyggIzClkOcCTvotFLkP,165000,4
0.778,0.445,-5.178,0.0416,0.675,2.05E-06,0.283,0.969,116.973,6wTqVQ6RRkqAyT5XDGcRq4,154869,4
0.641,0.547,-5.094,0.0247,0.0392,0,0.0771,0.487,130.061,58UvLeYJXtFkbkUP3lU6YK,218806,4
0.668,0.727,-4.613,0.248,0.0301,0,0.143,0.309,143.083,2N9LEu6Pf8nDcp3GjWJT1Z,90720,4
0.418,0.288,-10.597,0.0351,0.885,0.0316,0.115,0.352,89.861,3vLByi1CdmNJPpTtOdKqAQ,58930,3
0.82,0.461,-6.179,0.112,0.0104,1.54E-05,0.133,0.0396,140.078,2wdgjxZPgtrPd8OUqMSuYh,179707,4
0.546,0.898,-3.067,0.162,0.0266,0,0.129,0.639,173.17,5XUuldRjPXcP5QxyEN4IXT,191415,4
0.491,0.77,-6.018,0.308,0.112,0,0.319,0.37,177.977,3SsJ17EnPIu1B4GZshqjIS,189427,3
0.661,0.637,-5.09,0.334,0.193,3.79E-05,0.144,0.294,87.987,6N2XBOrYvqeiUk3LGR1XPY,207307,4
0.409,0.713,-6.713,0.03,0.434,0.000719,0.206,0.725,97.029,15UfWisTMmHsMjkUUEAoAa,214398,3
0.786,0.67,-4.086,0.0389,0.787,1.04E-05,0.0357,0.973,123.654,5xwP3VbM3eBKOeFF3fwn6Z,190851,4
0.636,0.705,-7.774,0.24,0.00402,0,0.105,0.679,95.921,28niVl6iodHnHpE1bCeJiV,138319,5
0.599,0.598,-7.015,0.124,0.0502,5.01E-05,0.173,0.343,179.49,5uVW9FWVaQde0lfF4hYs4C,192428,4
0.513,0.345,-7.579,0.0691,0.336,0,0.0584,0.68,79.981,4OVpyR6yhYyVoRj9D7CERz,180750,4
0.422,0.439,-6.606,0.0311,0.272,0,0.124,0.277,151.785,1ldUPmqrCvk6thNYe0oUen,199500,4
0.755,0.543,-7.594,0.321,0.157,0,0.146,0.533,119.478,3k61DVTc0cj1SvKovTqxzA,194787,4
0.889,0.489,-8.587,0.108,0.0209,1.78E-05,0.0814,0.843,93.039,01VzuxoBYMAJLObfU0w6dI,192011,4
0.881,0.592,-4.898,0.0324,0.619,1.32E-05,0.0901,0.719,101.058,5Odq8ohlgIbQKMZivbWkEo,154487,4
0.605,0.692,-7.45,0.446,0.495,0,0.303,0.685,124.84,3drdWsJKiVCSQ2gKhd9BDT,224466,5
0.551,0.6,-5.501,0.0295,0.0295,2.94E-06,0.291,0.493,125.019,189D3XLBjj2YTCTD6QKdJY,168630,4
0.685,0.522,-9.635,0.0415,0.264,1.31E-06,0.0837,0.509,156.529,1M39ETXmej4g9EMSeXPUgj,256871,4
0.578,0.471,-6.379,0.0417,0.155,0,0.0779,0.233,86.982,7bdpStmJdlw9GKBPTOkDwT,159339,4
0.676,0.856,-4.35,0.0393,0.454,0,0.141,0.965,144.092,1jX9wlAgVkAl0fCZqkCI73,166036,4
0.85,0.756,-3.439,0.0407,0.0999,0,0.0873,0.896,120.024,4XqXNU8MwPHwbgZmNXmAdc,168601,4
0.773,0.602,-6.777,0.173,0.424,0,0.125,0.553,82.055,0oPpchtgx4hZ2J246g5mqn,141166,4
0.712,0.684,-4.887,0.0512,0.548,0,0.168,0.513,130.038,2lmWwBLVJ2P0HX491zkYws,147692,4
0.817,0.501,-9.623,0.0481,0.258,0,0.102,0.408,129.979,3HgmGFYiO8967EFji8CSdM,236308,4
0.822,0.255,-9.83,0.349,0.119,0,0.128,0.377,136.024,0YrwiodQd07LE9vpI0w3Iw,124373,4
0.837,0.58,-6.932,0.0618,0.053,0.00276,0.699,0.262,111.981,4a1fh9vJMMoRjNrBmEWoM0,167400,4
0.746,0.497,-8.313,0.227,0.511,2.20E-05,0.0988,0.169,93.971,0OoNzMdPSgbkM5MkcuEZfm,174707,4
0.723,0.588,-5.181,0.178,0.183,8.08E-06,0.189,0.454,116.655,4i5inRVohwnVShWLugsbCA,182667,4
0.906,0.807,-4.401,0.294,0.177,0,0.11,0.813,96.961,4L1zI1GJxi0Qq38aSYmsS0,158350,4
0.678,0.699,-3.475,0.0365,0.0719,0.0253,0.47,0.0599,119.964,7FkthmyKKjgJW0MQ5chwxN,191520,4
0.416,0.585,-6.397,0.0316,0.493,7.45E-06,0.168,0.111,136.549,5fqusHbZRDZrLikLiFwWTq,192727,4
0.883,0.822,-4.029,0.108,0.0301,1.70E-06,0.111,0.327,110.024,6LoaYlv0bC1TyctuADqNFh,143347,4
0.537,0.515,-8.595,0.271,0.148,0.00215,0.137,0.134,90.526,0wv2E9PDoSM95LRvclCYYH,310960,3
0.642,0.282,-15.018,0.4,0.351,0,0.264,0.161,147.022,7ppUTKvokd4vQ68TNAxuZk,163892,4
0.669,0.773,-5.619,0.153,0.038,0,0.113,0.377,93.923,7DwcBgdzqhFJltEaV1XF81,185857,4
0.654,0.768,-5.007,0.0431,0.00616,0,0.202,0.505,104.97,3MJhPqL2IgGs7gHEB2M35q,162570,4
0.777,0.469,-8.344,0.163,0.162,0.00239,0.108,0.557,136.05,2L0PRavRIQIjVcZK4Qgfgi,132500,4
0.713,0.73,-4.98,0.159,0.0389,0,0.268,0.253,143.01,3QiGL164VTHRYuwgkyPdz8,174560,4
0.722,0.483,-8.458,0.0455,0.00792,0,0.0977,0.355,85.007,5eSRsILuZOdEz55igfg9qV,169412,4
0.39,0.305,-13.392,0.0555,0.489,0.0687,0.155,0.166,157.155,1hboZZxKIEjLHRIkhx4Soi,115138,4
0.699,0.75,-6.481,0.0542,0.543,0.0137,0.333,0.887,151.035,6uVZddXkgQIArp8myEHs4x,295413,3
0.252,0.564,-6.735,0.0506,0.731,0.00106,0.366,0.561,81.13,0hckU3AOzrdcQkKGHofSmo,168920,4
0.947,0.605,-8.621,0.346,0.0748,7.54E-06,0.0901,0.656,129.988,3IPGG5Niex4hGlXFOYWzp9,133613,4
0.547,0.704,-4.345,0.0572,0.172,1.41E-05,0.108,0.174,88.021,1mToHMH1Md7zPW5QGNEqUF,199920,4
0.707,0.613,-5.921,0.047,0.402,0,0.0789,0.173,97.948,3aB0qkOa2ywhBhbkt5wwrO,221520,4
0.771,0.594,-8.991,0.193,0.00482,6.88E-06,0.111,0.119,149.106,37nYSBS0MfRCm913QwCCYo,154787,4
0.707,0.672,-6.186,0.0864,0.113,1.03E-05,0.103,0.326,129.951,1TnfJHuRolxBBbweTa3qby,158517,4
0.488,0.832,-6.508,0.114,0.424,0.00288,0.139,0.554,157.984,3pUa0ZxdSeaJXm0EIydD3F,260362,4
0.829,0.789,-3.826,0.162,0.071,0.000156,0.355,0.361,111.003,63SjpI49vdZYV5POJY89Gl,222000,4
0.795,0.506,-5.912,0.0524,0.108,0,0.327,0.134,112.006,683I6nEKA1IGl5GlLvBRqI,188587,4
0.785,0.732,-5.724,0.164,0.0636,0.000807,0.265,0.496,110.952,1w7cgGZR86yWz1pA2puVJD,260771,4
0.654,0.822,-6.065,0.146,0.0509,0,0.118,0.309,175.913,7AUHZBFJ5c7fiLhl0I9r5S,131181,4
0.566,0.348,-10.726,0.0458,0.559,7.66E-06,0.113,0.374,98.734,4HcARAxzsbIB3MqiEkejM6,164082,4
0.802,0.628,-6.576,0.122,0.0311,0.000232,0.262,0.625,96.97,6azVi5ToFHo6KfKs6SstAC,155681,4
0.835,0.747,-4.65,0.083,0.0492,0,0.055,0.432,102.003,0kTMK4gNFfLXaTb62w1UaJ,176471,4
0.664,0.695,-4.682,0.148,0.0519,0,0.167,0.358,71.543,24UbFszSXgPjraW3DbTw5r,90720,4
0.766,0.549,-7.341,0.331,0.158,0,0.139,0.483,119.411,0aE6elufAp2SW1BoxIx0UC,194787,4
0.963,0.905,-4.053,0.117,0.654,0.0481,0.107,0.594,123.998,7twsd0lwXyy0ARdsTyzHoJ,178530,4
0.735,0.66,-5.522,0.286,0.2,0.000101,0.146,0.277,87.981,0kQ57nvPqMHnzF4YUgUU5z,207307,4
0.456,0.383,-9.184,0.0344,0.378,0,0.138,0.301,179.772,32iNr3J93tqFkxaMYwdRYi,257668,3
0.554,0.535,-8.959,0.186,0.0616,1.32E-05,0.124,0.136,105.865,1MpCaOeUWhox2Fgigbe1cL,208014,4
0.886,0.434,-12.106,0.403,0.101,1.22E-06,0.297,0.785,147.995,2NVXBBbO4xGO851zrMfCFi,136696,4
0.572,0.81,-5.791,0.0557,0.0147,6.94E-06,0.13,0.106,126.045,43vosFrRwahf1YOCvYHF48,214912,4
0.559,0.674,-6.125,0.0329,0.0312,0,0.121,0.197,111.976,5mQwj8Lhv6Xl7ZhnCXvnHa,263973,4
0.572,0.81,-5.791,0.0557,0.0147,6.94E-06,0.13,0.106,126.045,7uDGoqewbLXiH21MUGPzAa,214912,4
0.677,0.557,-8.409,0.0694,0.00508,8.36E-06,0.0984,0.1,150.127,62Yo3FDddWY8ydu6PW2wyz,206385,4
0.574,0.369,-9.251,0.0262,0.83,0.234,0.0976,0.41,73.013,0J119Oas2ox6JTTHUGZxHN,273787,4
0.561,0.965,-3.673,0.0343,0.00383,7.07E-06,0.371,0.304,128.04,5An22auKQdejTFkMBwNFDK,175238,4
0.863,0.584,-4.785,0.279,0.122,0,0.0707,0.698,94,7HyjKlcXEdBMO0B1wqCikD,178080,4
0.601,0.713,-3.758,0.0449,0.0282,0,0.158,0.464,122.872,43teqjgwsib2xvKvO6v3fm,169756,4
0.634,0.865,-3.842,0.135,0.00277,7.07E-06,0.296,0.553,127.971,3dhd9OFNN5aqOMRdC9Ayma,204507,4
0.601,0.713,-3.758,0.0449,0.0282,0,0.158,0.464,122.872,6qae92G8mq09W0cWGTXLjH,169756,4
0.561,0.965,-3.673,0.0343,0.00383,7.07E-06,0.371,0.304,128.04,4ZlrQVqT5zMLxIiyCnezkK,175238,4
0.601,0.713,-3.758,0.0449,0.0282,0,0.158,0.464,122.872,2rUxhEbtwwE1uZJJVKKQiZ,169756,4
0.662,0.868,-4.025,0.0341,0.00882,0.00244,0.584,0.353,92.998,3pgurGJYnXib7qX4faGKDa,200645,4
0.869,0.726,-5.654,0.0459,0.0784,0,0.107,0.343,124.023,4cliMa8T5yAWX3DIRh0P2K,158391,4
0.561,0.965,-3.673,0.0343,0.00383,7.07E-06,0.371,0.304,128.04,3rI5w2hho4XxcaYaWZTxdg,175238,4
0.662,0.868,-4.025,0.0341,0.00882,0.00244,0.584,0.353,92.998,7vIyaaaPWBc3qJLcpaRkyD,200645,4
0.601,0.713,-3.758,0.0449,0.0282,0,0.158,0.464,122.872,5PnwOBJapjBDWOwUzJmaO7,169756,4
0.561,0.965,-3.673,0.0343,0.00383,7.07E-06,0.371,0.304,128.04,43DEPQS1fl8fbAEy0i0I6b,175238,4
0.601,0.713,-3.758,0.0449,0.0282,0,0.158,0.464,122.872,3RKI7iSvw7R4N7OLkuFzhk,169756,4
0.703,0.66,-5.119,0.123,0.137,0,0.192,0.79,95.033,6tnbSF4M2ERPXQGLSgtv3t,198947,4
0.645,0.573,-6.249,0.0281,0.143,0.000161,0.0852,0.271,127.978,01D0ZkMBKdygVz55XZM6h8,188907,3
0.262,0.287,-8.701,0.0302,0.932,1.71E-05,0.14,0.123,141.143,3negcR1aVs1DnQuJkhEKGJ,234667,4
0.601,0.713,-3.758,0.0449,0.0282,0,0.158,0.464,122.872,5zdtQ0by2lPthKwEhqQHcV,169756,4
0.728,0.762,-4.322,0.111,0.0234,2.19E-05,0.207,0.295,97.983,3znAMHrqq2rUJ5BFCJnQi8,208251,4
0.601,0.713,-3.758,0.0449,0.0282,0,0.158,0.464,122.872,3dJEtUCwhpBu0GxmU0YrY2,169756,4
0.601,0.713,-3.758,0.0449,0.0282,0,0.158,0.464,122.872,7GmHpLdJtOhD6UAZooWOnT,169756,4
0.601,0.713,-3.758,0.0449,0.0282,0,0.158,0.464,122.872,7xWzQ9bkVmL6aMUfzXpBcf,169756,4
0.645,0.573,-6.249,0.0281,0.143,0.000161,0.0852,0.271,127.978,0l2IyNWlV4gFSUQYw4I0uP,188907,3
0.561,0.965,-3.673,0.0343,0.00383,7.07E-06,0.371,0.304,128.04,0hPKjMnVRo513JIj41mTJh,175238,4
0.601,0.713,-3.758,0.0449,0.0282,0,0.158,0.464,122.872,592irTcOYUJxv31IkwpFJF,169756,4
0.869,0.726,-5.654,0.0459,0.0784,0,0.107,0.343,124.023,0ybdyDzYQp0u9D3WAc6fSb,158391,4
0.601,0.713,-3.758,0.0449,0.0282,0,0.158,0.464,122.872,5S0RGDbQ11XrVRGMLq2bvX,169756,4
0.651,0.796,-5.303,0.0415,0.0108,0.000376,0.466,0.638,127.989,0ZvSzf18PJ20bp5zSlFcuT,186320,4
0.601,0.713,-3.758,0.0449,0.0282,0,0.158,0.464,122.872,25eCOtC7rGmH9oeBGNi50S,169756,4
0.869,0.726,-5.654,0.0459,0.0784,0,0.107,0.343,124.023,1cDhIv7zQi68U2bk8cMROV,158391,4
0.561,0.965,-3.673,0.0343,0.00383,7.07E-06,0.371,0.304,128.04,4fBmkx7OVUAXEsrexF0skr,175238,4
0.561,0.965,-3.673,0.0343,0.00383,7.07E-06,0.371,0.304,128.04,3nXahlJnQmRA2XQkXRdPIo,175238,4
0.601,0.713,-3.758,0.0449,0.0282,0,0.158,0.464,122.872,7hUiTfXyz4GWTKhOGiAUV7,169756,4
0.561,0.965,-3.673,0.0343,0.00383,7.07E-06,0.371,0.304,128.04,7fRDvKJN4XRFCZL3Ob6Gws,175238,4
0.561,0.965,-3.673,0.0343,0.00383,7.07E-06,0.371,0.304,128.04,061ffaUVcizpsAAFYdfqdU,175238,4
0.561,0.965,-3.673,0.0343,0.00383,7.07E-06,0.371,0.304,128.04,48VesUgY5QJS1mF6xHqJHi,175238,4
0.561,0.87,-6.103,0.343,0.0015,2.82E-06,0.246,0.498,129.98,7CHACqYYDaBis87hbykReb,210093,4
0.869,0.726,-5.654,0.0459,0.0784,0,0.107,0.343,124.023,0LcYqJzwDAovy42KhepV9G,158391,4
0.601,0.713,-3.758,0.0449,0.0282,0,0.158,0.464,122.872,6jOlXsLRISuYYTS1n0Ukfj,169756,4
0.826,0.834,-5.856,0.104,0.0122,0.013,0.12,0.901,122.984,6thbnvRHAxPbMKYH82sFk2,194627,4
0.601,0.713,-3.758,0.0449,0.0282,0,0.158,0.464,122.872,5vvkV3jzQESToDDuxWmuXP,169756,4
0.561,0.87,-6.103,0.343,0.0015,2.82E-06,0.246,0.498,129.98,1vbzWSM8pK9gASsS4NGIRr,210093,4
0.687,0.717,-6.61,0.0755,0.0744,0,0.134,0.685,88.063,3ET1on0TZKgawQzHXv3EvA,158995,4
0.561,0.965,-3.673,0.0343,0.00383,7.07E-06,0.371,0.304,128.04,2SKL92TpwnsyodjlaUrFbF,175238,4
0.601,0.713,-3.758,0.0449,0.0282,0,0.158,0.464,122.872,4Nll09jrDWNPZDVVbwvqLn,169756,4
0.601,0.713,-3.758,0.0449,0.0282,0,0.158,0.464,122.872,61cL4DH4dRrVShLxmHJ04P,169756,4
0.561,0.965,-3.673,0.0343,0.00383,7.07E-06,0.371,0.304,128.04,7zJzey3VibBcbb8LVldX7n,175238,4
0.692,0.883,-4.698,0.0582,0.0512,0,0.228,0.614,122.984,57w5cmtivLsh66mZDCg705,184390,4
0.645,0.573,-6.249,0.0281,0.143,0.000161,0.0852,0.271,127.978,6DeGo2oHrXLStcPXnyW62X,188907,3
0.561,0.965,-3.673,0.0343,0.00383,7.07E-06,0.371,0.304,128.04,7yocWxiZHY017EuBe71vxs,175238,4
0.869,0.726,-5.654,0.0459,0.0784,0,0.107,0.343,124.023,7enwAUOIzZHxZcQNQCnkak,158391,4
0.561,0.87,-6.103,0.343,0.0015,2.82E-06,0.246,0.498,129.98,0mWPrrCKgBX4jEW02fruwp,210093,4
0.869,0.726,-5.654,0.0459,0.0784,0,0.107,0.343,124.023,6bY6i2gBlTw0lXjn1kNGf1,158391,4
0.703,0.66,-5.119,0.123,0.137,0,0.192,0.79,95.033,6VzFUNzoQKL1yUC8XYiu3U,198947,4
0.561,0.965,-3.673,0.0343,0.00383,7.07E-06,0.371,0.304,128.04,0oXnmEIyDi5xah3UjFhi4w,175238,4
0.604,0.788,-3.673,0.103,0.0678,0.153,0.127,0.301,126.06,0uGZ6D8W8xBLs7XZj402ZH,245040,4
0.561,0.965,-3.673,0.0343,0.00383,7.07E-06,0.371,0.304,128.04,4Z6kP22r9o9S69PYgHqdJ2,175238,4
0.692,0.883,-4.698,0.0582,0.0512,0,0.228,0.614,122.984,07Cp4t25yx4wubymRsTni4,184390,4
0.561,0.965,-3.673,0.0343,0.00383,7.07E-06,0.371,0.304,128.04,6zH00actrL0iyhUGGicVrx,175238,4
0.561,0.965,-3.673,0.0343,0.00383,7.07E-06,0.371,0.304,128.04,3rnia85eNjKIRhRmBq5Nfx,175238,4
0.601,0.713,-3.758,0.0449,0.0282,0,0.158,0.464,122.872,3KEgI26ZaHd5hhsHe8B1vj,169756,4
0.601,0.713,-3.758,0.0449,0.0282,0,0.158,0.464,122.872,03sRFhDxr5C0QbRAhHRH1Z,169756,4
0.601,0.713,-3.758,0.0449,0.0282,0,0.158,0.464,122.872,43ROn5DaI1TZz19JbZ2K3v,169756,4
0.561,0.965,-3.673,0.0343,0.00383,7.07E-06,0.371,0.304,128.04,7dRBwpgUeC1kfaRu3sQJcH,175238,4
0.601,0.713,-3.758,0.0449,0.0282,0,0.158,0.464,122.872,5oPD95HJEsUfP4whLckhTM,169756,4
0.601,0.713,-3.758,0.0449,0.0282,0,0.158,0.464,122.872,79CB6KmmksDfm1cF5IK5wj,169756,4
0.561,0.965,-3.673,0.0343,0.00383,7.07E-06,0.371,0.304,128.04,7oqGkLxlHnSOithT0kHgjo,175238,4
0.561,0.965,-3.673,0.0343,0.00383,7.07E-06,0.371,0.304,128.04,3mwNFK2VO2uQ73MsHhnhXV,175238,4
0.561,0.965,-3.673,0.0343,0.00383,7.07E-06,0.371,0.304,128.04,2Ixw0T4lmeMrWb2CZXvxH6,175238,4
0.561,0.965,-3.673,0.0343,0.00383,7.07E-06,0.371,0.304,128.04,7MgZTISt0pBzmOo4RfiNxV,175238,4
0.561,0.965,-3.673,0.0343,0.00383,7.07E-06,0.371,0.304,128.04,7b68Mg0WptGf3Dy3XZZ4a1,175238,4
0.726,0.873,-4.741,0.0835,0.0789,0,0.0824,0.565,80.045,5IvXKQb03NhfsjjkqErBWJ,172687,4
0.561,0.965,-3.673,0.0343,0.00383,7.07E-06,0.371,0.304,128.04,3CRg4XARJFodWeoh9R5ncX,175238,4
0.601,0.713,-3.758,0.0449,0.0282,0,0.158,0.464,122.872,6QIGBbT1ODHJqHzLYiL4Rj,169756,4
0.601,0.713,-3.758,0.0449,0.0282,0,0.158,0.464,122.872,7n2Gqb9FUAx9nuXKojyxP0,169756,4
0.561,0.965,-3.673,0.0343,0.00383,7.07E-06,0.371,0.304,128.04,1rTOccTGg332q3hd8Bnt9z,175238,4
0.609,0.619,-5.677,0.311,0.749,0,0.264,0.689,179.71,3M214U0mwSm041GsQR3nrO,168067,4
0.495,0.78,-6.053,0.276,0.0911,0,0.323,0.36,177.987,7L2tv3ORhozw07Lcmw89oG,189427,3
0.661,0.673,-3.547,0.0382,0.0753,0.0202,0.442,0.0684,119.923,6D2Rq9dhteRpcMiiuGClPk,191520,4
0.677,0.863,-3.565,0.0385,0.137,0.0115,0.336,0.564,119.044,2DiY1YoSnPJGL2PVbpSjjE,219832,4
0.721,0.725,-5.036,0.153,0.0397,0,0.347,0.235,142.995,0snvRgUtLq3pzZKcf72kI3,174560,4
0.661,0.749,-4.851,0.0371,0.0579,0,0.0898,0.682,146.079,1r2dzf8CUPxJWhmJQKbC8p,175213,4
0.527,0.524,-8.749,0.262,0.154,0.0014,0.181,0.156,161.713,1pbJjOPLKx9WfryFAG4NME,310960,4
0.63,0.505,-4.923,0.244,0.0331,0,0.0713,0.578,92.537,2tFwYCvY0x9IfeW63AdMpM,281985,4
0.618,0.712,-8.246,0.114,0.14,4.53E-06,0.575,0.305,97.057,6ufcuVInt0ocHrUimDjGlb,254319,4
0.676,0.689,-4.607,0.195,0.0488,0,0.157,0.369,143.161,3mZr3vfIUmDcSUuB7e6cDa,90720,4
0.561,0.965,-3.673,0.0343,0.00383,7.07E-06,0.371,0.304,128.04,4D5TLzp85TeJiu96FVdoU4,175238,4
0.601,0.713,-3.758,0.0449,0.0282,0,0.158,0.464,122.872,41MdjWuVJtHqqdDzplIcKF,169756,4
0.709,0.357,-9.289,0.214,0.478,0.000294,0.112,0.544,75.494,4XJRpBOG0bU3Nxnvam3FnC,129480,4
0.73,0.907,-3.72,0.0606,0.0921,0.114,0.23,0.249,120.968,2cSdAkzAf2T4j4aLvx4LLz,111074,4
0.496,0.769,-6,0.283,0.108,0,0.321,0.388,177.984,4cJff2Ee6jEdkRRuJNG28B,189427,3
0.601,0.713,-3.758,0.0449,0.0282,0,0.158,0.464,122.872,1pKURjhEKIUeQFEsbr1vn2,169756,4
0.561,0.965,-3.673,0.0343,0.00383,7.07E-06,0.371,0.304,128.04,1qEfWBR0NYQJYvqJyUFrMA,175238,4
0.601,0.713,-3.758,0.0449,0.0282,0,0.158,0.464,122.872,0xHMtgCZJJptaIAdqb2tax,169756,4
0.703,0.66,-5.119,0.123,0.137,0,0.192,0.79,95.033,33tkyRzRvhdpUk5Qyb7Mrd,198947,4
0.723,0.507,-8.233,0.26,0.543,2.48E-05,0.108,0.165,93.977,6HRdIkBxlEDVr8AdnfgpGd,174707,4
0.822,0.591,-7.11,0.0793,0.0534,0.00201,0.715,0.247,111.923,4ZyqwDHUwNyt70nnmo0Is9,167400,4
0.942,0.566,-4.834,0.226,0.0773,0,0.11,0.479,132.858,5q2jnjiiSXJKyc0Rpc7sze,189147,4
0.72,0.798,-5.42,0.0359,0.221,0,0.181,0.949,97.918,16IHzMTYzM3VKDJK0syV22,167267,4
0.55,0.352,-9.236,0.0272,0.469,7.48E-05,0.119,0.169,123.794,4Nvm7kFymlxLeF5Qd69nuB,264300,4
0.422,0.359,-10.653,0.0351,0.863,0.899,0.384,0.222,79.984,3ZxhY3pLp6Uh7PEoUzWTNp,168920,4
0.751,0.351,-9.674,0.0497,0.0266,0.902,0.136,0.431,116.694,66JxV3nkekXozybm2ccDRR,182667,4
0.607,0.767,-6.069,0.0474,0.118,0,0.122,0.662,123.998,3rb0tMq42WfggucPm0HHkA,148629,3
0.978,0.683,-5.743,0.0981,0.0634,5.88E-05,0.523,0.419,118.041,02nTpchENdZ4Nm8AfTmrFv,146441,4
0.526,0.606,-5.3,0.259,0.152,2.36E-06,0.194,0.492,116.622,1AJuDhb8wqV4gU5Ts6Htl5,182667,4
0.398,0.626,-4.164,0.0367,0.195,2.55E-05,0.16,0.0404,106.733,510mvRgE4jLSsJcBh2pH0j,47354,3
0.684,0.671,-4.392,0.0464,0.189,2.37E-05,0.122,0.156,88.048,36acAPpnxmi4GoeJe1uKdv,199920,4
0.715,0.62,-6.005,0.0484,0.417,0,0.0822,0.172,97.95,4SI5jkfBClYmMWhWWH8f9p,221520,4
0.516,0.482,-8.408,0.39,0.483,2.76E-05,0.109,0.156,94.027,65E71Jnf18oUueqyDeY1qE,174707,4
0.822,0.788,-3.634,0.173,0.0838,0.000173,0.359,0.389,111.016,4vJdhRVZMvIbQwbv7o8s5X,222000,4
0.364,0.62,-6.638,0.0555,0.736,0.00225,0.429,0.491,79.904,5TnN3nbB9r37nESkUuHaIR,168920,4
0.796,0.539,-5.974,0.0433,0.103,0,0.343,0.123,111.988,1PdhPLXw14jDGaxOmESelp,188587,4
0.676,0.594,-6.77,0.0329,0.00195,0.918,0.107,0.292,88.021,3GnEukoUiozyeJdaBCbfkj,199920,4
0.837,0.594,-6.994,0.0652,0.0542,0.00173,0.627,0.249,111.955,1imfImVtet6EpUDi6WRDos,167400,4
0.571,0.549,-7.38,0.404,0.18,0,0.168,0.447,119.497,79hORDzsbz21srcYgJTgMV,194787,4
0.709,0.734,-5.027,0.125,0.0411,0,0.346,0.245,143.087,679nqZvFH0bXeFxcBiYDq5,174560,4
0.671,0.658,-5.567,0.309,0.189,8.66E-05,0.147,0.257,87.933,6Xy1JUbm6tgPoF7MbBbP7S,207307,4
0.693,0.67,-3.537,0.0345,0.0958,0.00857,0.432,0.084,119.907,7BIrLhKtKJcksYlh5FWCgJ,191520,4
0.521,0.526,-8.691,0.276,0.131,0.000577,0.173,0.179,161.571,14u4rePYyyd1pJ4XMN5tlq,310960,4
0.668,0.727,-4.613,0.248,0.0301,0,0.143,0.309,143.083,0jr6KhLkTaVUZA0HlA6FlO,90720,4
0.804,0.43,-7.597,0.0424,0.0167,0.856,0.342,0.119,111.974,37BF4wpzH17tMELzEbvsU4,188587,4
0.778,0.644,-4.861,0.0381,0.00294,0.724,0.357,0.218,110.982,0N0SD22acpJompiA44gcYt,222000,4
0.491,0.77,-6.018,0.308,0.112,0,0.319,0.37,177.977,4zGVA7tuYT1W7wkR8Mk5E5,189427,3
0.746,0.497,-8.313,0.227,0.511,2.20E-05,0.0988,0.169,93.971,0WAmi1ry8xMt4UjH1t0AdI,174707,4
0.837,0.58,-6.932,0.0618,0.053,0.00276,0.699,0.262,111.981,2eqzCQ9UFr8uL2QNguYnC4,167400,4
0.847,0.302,-13.302,0.105,0.0866,0.838,0.181,0.287,119.472,3RkLieSLt9R6zyXVU86xiY,194787,4
0.663,0.332,-10.066,0.108,0.272,0.824,0.109,0.107,195.977,5CHvoXMHQwDWf2F0iV7B31,221520,4
0.628,0.604,-9.709,0.0403,0.00144,0.913,0.275,0.149,143.02,6L8Zu96tOwxFuq1G5ILCtA,174560,4
0.355,0.478,-11.235,0.05,0.114,0.872,0.175,0.0557,161.506,61eyjUVkUwWxa2wD9bGl4l,310960,4
0.515,0.521,-7.325,0.0846,0.0429,0.686,0.127,0.125,87.607,2j0yx1W8TUrunvwEuWG3pV,207307,4
0.633,0.613,-5.009,0.0352,0.00777,0.898,0.334,0.0433,119.988,1QdjPVObtHPmphB6SLiCUg,191520,4
0.45,0.655,-8.898,0.0531,0.00102,0.939,0.321,0.228,177.889,3AsnOjlfzyq6cDF9t48Nm3,189427,3
0.422,0.359,-10.653,0.0351,0.863,0.899,0.384,0.222,79.984,26xezUIlpFSaE4su0kCBy9,168920,4
0.524,0.648,-6.025,0.0367,0.000284,0.951,0.0766,0.317,142.999,7BdgDyyvkaSMQ8PNg9unqU,90720,4
0.751,0.351,-9.674,0.0497,0.0266,0.902,0.136,0.431,116.694,2xOBiq7NMvSBqlDQjVvOek,182667,4
0.748,0.411,-8.831,0.0527,0.000873,0.915,0.752,0.257,111.978,6MAEIbp7yj6eR0YloD3TaJ,167400,4
0.478,0.386,-14.118,0.124,0.375,0.852,0.187,0.106,94.01,0YIS1znWbQALh97tVznuoT,174707,4
0.676,0.594,-6.77,0.0329,0.00195,0.918,0.107,0.292,88.021,1bPLhob81R6nadD7iHZicd,199920,4
0.804,0.43,-7.597,0.0424,0.0167,0.856,0.342,0.119,111.974,7IRFj0V6T9SiJxCY8nUqOI,188587,4
0.778,0.644,-4.861,0.0381,0.00294,0.724,0.357,0.218,110.982,5b3UkE3cO2IagsiGNc82Dg,222000,4
0.908,0.45,-7.174,0.314,0.0608,0,0.0663,0.515,108.056,71rw9MB77BR8LHMFZK8gKV,125685,4
0.847,0.302,-13.302,0.105,0.0866,0.838,0.181,0.287,119.472,3VXJMNOJvgoqCxi2kFJyLf,194787,4
0.628,0.604,-9.709,0.0403,0.00144,0.913,0.275,0.149,143.02,4iXiJY4LDe7PZbfKnVMStd,174560,4
0.663,0.332,-10.066,0.108,0.272,0.824,0.109,0.107,195.977,0vCrbjeuCIAHDgPJoYDgHJ,221520,4
0.355,0.478,-11.235,0.05,0.114,0.872,0.175,0.0557,161.506,4pXJOV0Lwdq09uDhy2RUEE,310960,4
0.515,0.521,-7.325,0.0846,0.0429,0.686,0.127,0.125,87.607,3ivBDU3M6INfJhwKJLjj9v,207307,4
0.633,0.613,-5.009,0.0352,0.00777,0.898,0.334,0.0433,119.988,4d6Ts58hl0IVG7vApQD1ja,191520,4
0.524,0.648,-6.025,0.0367,0.000284,0.951,0.0766,0.317,142.999,1mbneu6twPPzzhh4quRWB6,90720,4
0.45,0.655,-8.898,0.0531,0.00102,0.939,0.321,0.228,177.889,4l6Oq2xuaGOKXq55447oZ5,189427,3
0.748,0.411,-8.831,0.0527,0.000873,0.915,0.752,0.257,111.978,3P1QVLyaaWZU6zxuvoXsoz,167400,4
0.478,0.386,-14.118,0.124,0.375,0.852,0.187,0.106,94.01,19iTqMtEy5D0WH90q1odLG,174707,4
0.65,0.555,-5.971,0.0719,0.502,0,0.104,0.352,103.081,23CKxEwKWsLs6LD5poGOLM,207413,4
0.828,0.658,-6.19,0.14,0.81,1.06E-06,0.277,0.917,103.051,6dGqGkYDoRrKh5UiIcTT22,171947,4
0.93,0.774,-4.203,0.0744,0.605,0.0238,0.12,0.781,116.972,4kXxEhuatrvwrTQycA7s9B,109120,4
0.682,0.642,-6.765,0.0825,0.391,0.000271,0.107,0.387,148.127,4SDccIA3pVkjaZsivDPaV5,209596,4
0.598,0.994,-0.89,0.404,0.00364,0.0617,0.397,0.151,151.135,3T56drS7FjnZgGcOAHlXzx,115200,4
0.606,0.905,-3.117,0.0518,0.0044,0,0.151,0.706,143.952,2wVWGFVkL5I3JGsoWBx2AZ,151533,4
0.774,0.73,-3.865,0.134,0.108,0,0.194,0.421,91.966,5fhcuVxuBWfgNXGuyAtLmr,212304,4
0.773,0.623,-6.53,0.0983,0.24,3.56E-05,0.148,0.528,147.826,0vbmYCIWENdYyJ36Q4CdSz,208270,4
0.507,0.828,-6.023,0.0449,0.00711,2.44E-05,0.261,0.489,178.032,7BljZj83pSEWgqqCumL3vs,211295,4
0.534,0.445,-9.155,0.0292,0.456,0.0684,0.112,0.136,146.107,5OkOEEnX3f3srINS2fqM0e,282693,4
0.507,0.828,-6.023,0.0449,0.00711,2.44E-05,0.261,0.489,178.032,2rXlyRGs0ewLuhyjdapRCu,211295,4
0.534,0.445,-9.155,0.0292,0.456,0.0684,0.112,0.136,146.107,6xWASsTjYT2hEyhEmbFhr9,282693,4
0.209,0.417,-8.74,0.0338,0.164,0.00196,0.113,0.124,138.178,5TY9AEx0DtlbsqUd785tzg,295533,4
0.507,0.828,-6.023,0.0449,0.00711,2.44E-05,0.261,0.489,178.032,3sVsVQhyPtCCqEAqZPKngQ,211295,4
0.429,0.661,-7.227,0.0281,0.00239,0.000121,0.234,0.285,173.372,2Y1BNpTyPdbzoFqW6LKPlJ,266773,4
0.545,0.675,-6.474,0.0279,0.00617,0.00197,0.209,0.162,124.97,4duMdG2pX5jhJKsidwelu4,267867,4
0.545,0.675,-6.474,0.0279,0.00617,0.00197,0.209,0.162,124.97,1Oa1lpQZw9G3brtHdPS4tH,267867,4
0.594,0.707,-9.022,0.0745,0.121,0.387,0.0879,0.619,131.306,6urnAe8o7h0G1Q8mQ5qE42,540867,4
0.534,0.445,-9.155,0.0292,0.456,0.0684,0.112,0.136,146.107,0hvYyx0oFx75oifP9ndYBI,282693,4
0.209,0.417,-8.74,0.0338,0.164,0.00196,0.113,0.124,138.178,6gqxsBC5rM6Bk3bYTBcLKa,295533,4
0.476,0.257,-8.467,0.0315,0.968,0.0174,0.115,0.342,144.767,2IQGnuOy5drDrhaFORmCtk,227507,4
0.429,0.661,-7.227,0.0281,0.00239,0.000121,0.234,0.285,173.372,7IVnHg8LYNCafve6HNFy5R,266773,4
0.424,0.588,-5.455,0.0278,0.0553,4.95E-06,0.298,0.193,144.636,26hB7odaw6ex0f3pidVsGh,226680,4
0.577,0.749,-7.215,0.0279,0.599,0.0115,0.183,0.255,130.97,60fDxCA0PGXX7zUGfWCQP0,307880,4
0.507,0.828,-6.023,0.0449,0.00711,2.44E-05,0.261,0.489,178.032,2v1wesc2w8gfaJswCQQzKl,211295,4
0.507,0.828,-6.023,0.0449,0.00711,2.44E-05,0.261,0.489,178.032,1YqRtNRylKjPcobgodfwxD,211295,4
0.315,0.418,-9.146,0.0299,0.131,0.000679,0.0836,0.237,129.116,4OvmbxjxEnTNxuje9eJ7ro,242496,4
0.315,0.418,-9.146,0.0299,0.131,0.000679,0.0836,0.237,129.116,6C0Hs6ruBqop6Bamwn405U,242496,4
0.588,0.496,-5.947,0.0417,0.00166,0.936,0.186,0.582,128.001,7mLWNwcvwRdEviz6SfYp8A,146274,4
0.358,0.372,-7.664,0.0464,0.81,0.0539,0.0877,0.16,144.833,2Dsz027PK6fqVGgbaEOF83,200387,4
0.704,0.225,-14.454,0.0994,0.901,0.657,0.106,0.243,120.006,2unZd1xkCRifZaGMRgdNpn,245426,4
0.701,0.425,-10.965,0.375,0.328,0.13,0.1,0.562,135.128,2W67oWsp5UHG66BMjHhX7y,194088,4
0.332,0.225,-8.697,0.0348,0.767,0.00349,0.128,0.297,81.055,2KvURhqU5bJhQ2WMa2dGIZ,298899,3
0.701,0.425,-10.965,0.375,0.328,0.13,0.1,0.562,135.128,45iDTPmqaGbRA5J1EQfm4e,194088,4
0.292,0.296,-10.109,0.0359,0.934,0,0.095,0.112,115.046,4S2V8zg889zilazlLsxleE,200186,4
0.625,0.284,-14.007,0.0819,0.934,0.00031,0.23,0.197,129.631,0vORK4BMLEkU5OBO9QmnVa,245897,4
0.332,0.225,-8.697,0.0348,0.767,0.00349,0.128,0.297,81.055,2h6Uj1ykZIVUAletNoIMlH,298899,3
0.485,0.411,-8.461,0.0397,0.735,0,0.116,0.247,170.3,7akudzwOA5t6dPRJhJqRPM,203569,3
0.412,0.236,-15.159,0.0379,0.83,0.00653,0.147,0.119,140.214,5VMlVKocnT42Mx8yx0voik,281381,4
0.334,0.599,-5.742,0.0365,0.0468,0.000392,0.205,0.127,161.74,2MKzHPbEeuRn5HZp1llzHP,151444,3
0.701,0.425,-10.965,0.375,0.328,0.13,0.1,0.562,135.128,7u1EV24KGctjU5ybz6fDum,194088,4
0.889,0.34,-7.773,0.0697,0.218,0.13,0.055,0.716,94.009,54KobOefTDq2KQxujPL1iM,174321,4
0.643,0.492,-7.314,0.382,0.0349,0,0.133,0.117,156.784,0BBaLX0AEwUCmsJyI5eJ6U,161221,4
0.512,0.186,-16.028,0.0373,0.904,0.0281,0.11,0.191,59.677,40Fmr4mXhz4PtrMAPTnoXB,146000,4
0.575,0.56,-7.302,0.478,0.173,0,0.257,0.471,75.956,1udwFobQ1JoOdWPQrp2b6u,229938,4
0.635,0.866,-2.695,0.0473,0.0697,0,0.0955,0.853,133.889,4viFAHmivkYQKkwLvwKOgg,169760,4
0.699,0.58,-7.05,0.325,0.0754,0,0.0768,0.596,94.93,6rI8uFFmGyvS2N6sqDCdu3,177074,4
0.909,0.824,-4.627,0.0797,0.0777,0.00387,0.0638,0.585,109.97,6wtZPYBIXUvCpXwVjMCJBf,322347,4
0.523,0.457,-8.213,0.0296,0.622,0,0.108,0.32,141.922,1XX3sKKZN3DfWeFpMAc2WX,252166,3
0.739,0.586,-5.079,0.0472,0.0245,0.000252,0.308,0.444,124.026,1bgKMxPQU7JIZEhNsM1vFs,142677,4
0.804,0.375,-12.951,0.312,0.244,0,0.0954,0.687,123.958,2P1oNlBGmFudn3ZyUrj7hJ,116133,4
0.474,0.343,-8.571,0.027,0.578,2.65E-05,0.305,0.152,145.115,2JN3ugW1cEahbYw0I5mw5U,243907,3
0.792,0.919,-5.688,0.276,0.0381,5.10E-06,0.368,0.22,92.028,2mqTtvbKxH7SoEQ2oGAnsA,224473,4
0.507,0.828,-6.023,0.0449,0.00711,2.44E-05,0.261,0.489,178.032,5UnLYT0S1XvnQzS6gvSg8I,211295,4
0.557,0.442,-7.224,0.0243,0.731,1.46E-05,0.11,0.213,146.277,6R387ErQrvCkgamO2ECTTG,309600,4
0.3,0.91,-2.002,0.0533,0.00407,0,0.0819,0.585,132.242,54H84HFq1hUDEOcYxbTjrL,162840,4
0.869,0.759,-4.886,0.262,0.00733,0,0.366,0.499,156.973,59DRBDlssFvtWDHsYwCa6q,247763,4
0.668,0.541,-7.794,0.296,0.194,0,0.201,0.894,200.163,4sFzAOD1uiP2Ww5XA1OHJf,103236,4
0.556,0.63,-8.15,0.102,0.000828,0.00468,0.155,0.367,149.147,0mKGwFMHzTprtS2vpR3b6s,210372,5
0.626,0.524,-8.987,0.0411,0.566,1.14E-05,0.103,0.451,129.996,4mChXwwU4xbiYIP7QQeLFP,214186,4
0.656,0.964,-2.087,0.0964,0.123,0.813,0.78,0.965,114.007,5FX30idriKlEIRYTxpNf65,105789,4
0.951,0.766,-4.65,0.259,0.233,0,0.118,0.686,126.989,6Ve9MNsl8OFg6rHd227bYh,135867,4
0.744,0.628,-5.435,0.0287,0.0493,0,0.317,0.539,119.966,6Kfoo60npYPdvNxMPMiDpX,193565,4
0.684,0.487,-5.887,0.0367,0.495,4.57E-06,0.0821,0.456,81.997,43tqAop1uzGZAlaFM4Jpxx,239427,4
0.5,0.418,-6.535,0.0379,0.569,0.000176,0.11,0.177,84.899,44AIahFSqSXXWQkmjGkpe2,172724,4
0.5,0.418,-6.535,0.0379,0.569,0.000176,0.11,0.177,84.899,0RB2eCkjUIP8soBK0xbBag,172724,4
0.684,0.487,-5.887,0.0367,0.495,4.57E-06,0.0821,0.456,81.997,0I3RRcW8a0XfZvWs6eGmcM,239427,4
0.715,0.372,-8.237,0.0443,0.638,0,0.169,0.474,91.931,5gJL7XPpRwfyOeueIQ7xzh,201000,4
0.438,0.178,-9.402,0.0414,0.957,1.10E-06,0.316,0.344,75.25,2iqQRuRTAKaeCwofWTMftV,170964,1
0.741,0.52,-7.513,0.0656,0.447,1.97E-06,0.222,0.347,102.998,4ByvSyleDlCD5z2gmYxjF1,171030,4
0.684,0.487,-5.887,0.0367,0.495,4.57E-06,0.0821,0.456,81.997,4tOnoLTdRsygwGpZPq5vWl,239427,4
0.5,0.418,-6.535,0.0379,0.569,0.000176,0.11,0.177,84.899,1zAHeqAAuvWXPZsTS8AXEg,172724,4
0.438,0.178,-9.402,0.0414,0.957,1.10E-06,0.316,0.344,75.25,2f8V4rvIn259DpJXtYnwHA,170964,1
0.791,0.439,-5.62,0.0645,0.302,1.85E-05,0.126,0.559,85.004,1Nx5z7QpfwvDW6vaLG8rCr,190659,4
0.485,0.362,-7.889,0.0889,0.849,4.13E-06,0.0986,0.284,171.374,74Xkoymusr9hDk4s40tDfs,193747,4
0.715,0.372,-8.237,0.0443,0.638,0,0.169,0.474,91.931,7HoFxzSSVyEINlg3w7z8k8,201000,4
0.746,0.896,-5.226,0.121,0.0025,0.000704,0.123,0.367,130.062,7gP1EeAWSjywmEj5GcZW9I,176500,4
0.577,0.601,-5.01,0.0357,0.146,0,0.0886,0.907,171.912,0BkzrrQUzJhCAFk3Pq7g29,175840,4
0.621,0.256,-11.78,0.0282,0.844,0.000352,0.138,0.205,130.123,2b4YJ0j60w3YPIFot0oodu,198000,4
0.627,0.429,-8.255,0.234,0.238,0,0.122,0.565,126.426,3fjN3y5x4hN53rykAN2LHQ,112572,5
0.845,0.797,-4.984,0.139,0.0582,5.57E-06,0.167,0.422,121.985,7fZBQnc0zXwVybgCIrQQil,151475,4
0.783,0.89,-5.995,0.2,0.185,0.00417,0.0969,0.437,127.996,6jdwbcH788txYS6Doy1F1j,150675,4
0.697,0.368,-9.708,0.056,0.835,0.00016,0.135,0.451,90.011,5SMCxRA6hB2jEhroaYfw6N,173428,4
0.614,0.644,-5.372,0.0426,0.0134,7.07E-06,0.117,0.651,160.036,0IuVhCflrQPMGRrOyoY5RW,206772,4
0.576,0.596,-7.774,0.108,0.0398,0,0.0975,0.338,95.457,23pGZ6n6Xd3yV7qK4xw7dx,178041,4
0.543,0.895,-4.576,0.0881,0.00098,0.000547,0.155,0.623,143.007,5SDhI2jKg0S5fzEEqPCHiV,197374,4
0.743,0.549,-8.373,0.302,0.0328,0,0.12,0.531,163.967,6FyYMbtmEgQDCgy9mYrOX8,123659,4
0.574,0.369,-8.931,0.0814,0.753,0,0.147,0.44,84.975,00imgaPlYRrMGn9o83hfmk,226011,4
0.438,0.178,-9.402,0.0414,0.957,1.10E-06,0.316,0.344,75.25,5bQ28Z8Hx4TpBSem83OpfS,170964,1
0.88,0.746,-3.381,0.124,0.0129,0,0.105,0.315,130.045,1QrL8zd8MIrCiOPuj02dxC,165479,4
0.683,0.85,-5.042,0.0699,0.0781,1.09E-06,0.741,0.598,107.988,0Fl4eWzVaMUOdXcOrj6F1q,368758,4
0.789,0.541,-6.449,0.0733,0.0931,0.0281,0.137,0.732,149.229,5WbKBMz6y0FbUdZl18XlJO,113547,4
0.755,0.87,-2.414,0.0936,0.00988,0,0.0917,0.645,124.032,0IGUXY4JbK18bu9oD4mPIm,174387,4
0.522,0.957,-4.924,0.0687,0.0515,0.0014,0.144,0.917,170.91,0eNfURq0r0oNSwFyw1VuVT,178618,4
0.588,0.925,-5.584,0.16,0.0897,4.89E-06,0.0881,0.759,99.83,0aDlI91Dn4hUzapsGJ7kgS,192800,4
0.601,0.824,-4.757,0.0474,0.00866,0.173,0.155,0.246,167.965,3Ee3QZdEC1lNZQ0o9vDCyX,187147,4
0.588,0.925,-5.584,0.16,0.0897,4.89E-06,0.0881,0.759,99.83,7whC0Mp4FuuVFxusP6aH9p,192800,4
0.601,0.824,-4.757,0.0474,0.00866,0.173,0.155,0.246,167.965,203nORUT9MBBHUoopwL95a,187147,4
0.766,0.775,-4.267,0.141,0.0504,0,0.128,0.695,124.751,6efTH1ANToi3fKd1rEQ9rk,204347,4
0.682,0.761,-6.661,0.0501,0.0191,0.00233,0.554,0.498,123.988,6NudyjD8gtPLeWOiz7DDvN,256092,4
0.766,0.775,-4.267,0.141,0.0504,0,0.128,0.695,124.751,3lWeXKzmpR43IeYBVSCOmq,204347,4
0.588,0.925,-5.584,0.16,0.0897,4.89E-06,0.0881,0.759,99.83,0rQJayR5nm4HQ5h8DQWPDI,192800,4
0.588,0.925,-5.584,0.16,0.0897,4.89E-06,0.0881,0.759,99.83,71SHPdC9cRa0qPiPualOJD,192800,4
0.601,0.824,-4.757,0.0474,0.00866,0.173,0.155,0.246,167.965,0Ix4ZEOisutMaHINr7dI4u,187147,4
0.773,0.742,-3.678,0.046,0.0206,0,0.0754,0.571,114.071,0RueiH2xLxh19yGBYzh2R2,165265,4
0.601,0.824,-4.757,0.0474,0.00866,0.173,0.155,0.246,167.965,4llHtePKJGte0mZL5RLOIZ,187147,4
0.601,0.824,-4.757,0.0474,0.00866,0.173,0.155,0.246,167.965,6cUzFkwKmyi3no9VZK5NU1,187147,4
0.606,0.29,-9.84,0.0378,0.65,0,0.0809,0.643,144.583,1bnSKjuPEd8FPACxqA5Mos,182073,3
0.765,0.777,-4.376,0.0399,0.0539,2.58E-06,0.338,0.64,111.944,6I2tqFhk8tq69iursYxuxd,197587,4
0.602,0.626,-5.323,0.0396,0.0129,9.02E-06,0.144,0.619,160.118,7l9IqDtVWJurTvkQHq1BGh,207120,4
0.633,0.812,-5.874,0.14,0.359,1.76E-06,0.228,0.954,167.105,0qyofIr6dHSb8AcEVnywBY,178000,3
0.365,0.07,-17.095,0.0838,0.959,0.000977,0.111,0.443,174.053,4zXuYQNDmw3dlauyc8q3Kd,99621,3
0.764,0.417,-9.16,0.0461,0.292,0,0.0832,0.575,126.004,3BwbSLW4YtIGkhCNFsHu52,137578,3
0.584,0.5,-8.167,0.0315,0.57,0,0.079,0.426,124.996,4U8SkKuNOZrgTR1NC9WYaC,220800,4
0.821,0.716,-6.514,0.301,0.0726,0,0.154,0.529,125.005,5RtOqP26S4KrWexNolBaQc,169307,4
0.373,0.845,-3.748,0.0595,0.0933,0,0.134,0.606,201.81,19Sf2YrUN9ohsdBk8BWJTF,206493,4
0.494,0.653,-6.493,0.0632,0.0441,1.42E-05,0.0898,0.336,153.97,6b8LUVmacXlMUl4wRtCD2S,224188,4
0.679,0.69,-10.582,0.0732,0.472,0.904,0.181,0.136,112.478,6MlIIJwO4FxnOlrpOrS4hU,110936,4
0.803,0.779,-4.449,0.0694,0.066,2.23E-05,0.111,0.317,94.009,4yXBfJAPsDZjpjMEp9NyjT,208895,4
0.601,0.824,-4.757,0.0474,0.00866,0.173,0.155,0.246,167.965,57qXFAju29MR0DvkKdeSUa,187147,4
0.788,0.603,-6.959,0.1,0.00439,0.000232,0.144,0.216,142.943,0Pq8CSHDXInMK8atOkWSAv,181440,4
